日期,全A点位,股权风险溢价,+2σ,+1σ,中位数,-1σ,-2σ
2014-01-02,2900.63,0.034579,0.047443,0.037937,0.028431,0.018925,0.009419
2014-01-03,2874.32,0.034899,0.047443,0.037937,0.028431,0.018925,0.009419
2014-01-06,2803.29,0.036242,0.047443,0.037937,0.028431,0.018925,0.009419
2014-01-07,2814.1,0.036304,0.047443,0.037937,0.028431,0.018925,0.009419
2014-01-08,2825.83,0.036663,0.047443,0.037937,0.028431,0.018925,0.009419
2014-01-09,2793.5,0.037317,0.047443,0.037937,0.028431,0.018925,0.009419
2014-01-10,2758.99,0.038085,0.047443,0.037937,0.028431,0.018925,0.009419
2014-01-13,2748.42,0.038155,0.047443,0.037937,0.028431,0.018925,0.009419
2014-01-14,2788.85,0.037179,0.047443,0.037937,0.028431,0.018925,0.009419
2014-01-15,2797.39,0.037607,0.047443,0.037937,0.028431,0.018925,0.009419
2014-01-16,2798.91,0.037279,0.047443,0.037937,0.028431,0.018925,0.009419
2014-01-17,2764.64,0.037874,0.047443,0.037937,0.028431,0.018925,0.009419
2014-01-20,2746.05,0.038609,0.047443,0.037937,0.028431,0.018925,0.009419
2014-01-21,2781.52,0.03826,0.047443,0.037937,0.028431,0.018925,0.009419
2014-01-22,2849.94,0.036949,0.047443,0.037937,0.028431,0.018925,0.009419
2014-01-23,2854.23,0.037148,0.047443,0.037937,0.028431,0.018925,0.009419
2014-01-24,2882.48,0.036253,0.047443,0.037937,0.028431,0.018925,0.009419
2014-01-27,2860.21,0.037282,0.047443,0.037937,0.028431,0.018925,0.009419
2014-01-28,2859.09,0.036949,0.047443,0.037937,0.028431,0.018925,0.009419
2014-01-29,2879.79,0.036319,0.047443,0.037937,0.028431,0.018925,0.009419
2014-01-30,2856.84,0.037083,0.047443,0.037937,0.028431,0.018925,0.009419
2014-02-07,2890.7,0.036616,0.047443,0.037937,0.028431,0.018925,0.009419
2014-02-10,2965.07,0.034936,0.047443,0.037937,0.028431,0.018925,0.009419
2014-02-11,2977.54,0.034334,0.047443,0.037937,0.028431,0.018925,0.009419
2014-02-12,2999.06,0.033998,0.047443,0.037937,0.028431,0.018925,0.009419
2014-02-13,2964.7,0.034683,0.047443,0.037937,0.028431,0.018925,0.009419
2014-02-14,3002.93,0.033875,0.047443,0.037937,0.028431,0.018925,0.009419
2014-02-17,3044.69,0.032666,0.047443,0.037937,0.028431,0.018925,0.009419
2014-02-18,3024.97,0.032975,0.047443,0.037937,0.028431,0.018925,0.009419
2014-02-19,3042.6,0.032211,0.047443,0.037937,0.028431,0.018925,0.009419
2014-02-20,3005.35,0.032891,0.047443,0.037937,0.028431,0.018925,0.009419
2014-02-21,2984.67,0.033664,0.047443,0.037937,0.028431,0.018925,0.009419
2014-02-24,2955.74,0.034999,0.047443,0.037937,0.028431,0.018925,0.009419
2014-02-25,2860.97,0.037511,0.047443,0.037937,0.028431,0.018925,0.009419
2014-02-26,2873.72,0.03698,0.047443,0.037937,0.028431,0.018925,0.009419
2014-02-27,2846.49,0.037842,0.047443,0.037937,0.028431,0.018925,0.009419
2014-02-28,2877.26,0.036915,0.047443,0.037937,0.028431,0.018925,0.009419
2014-03-03,2915.71,0.035836,0.047443,0.037937,0.028431,0.018925,0.009419
2014-03-04,2912.23,0.035633,0.047443,0.037937,0.028431,0.018925,0.009419
2014-03-05,2895.41,0.035956,0.047443,0.037937,0.028431,0.018925,0.009419
2014-03-06,2901.32,0.03599,0.047443,0.037937,0.028431,0.018925,0.009419
2014-03-07,2893.16,0.03599,0.047443,0.037937,0.028431,0.018925,0.009419
2014-03-10,2792.69,0.038449,0.047443,0.037937,0.028431,0.018925,0.009419
2014-03-11,2797.95,0.038349,0.047443,0.037937,0.028431,0.018925,0.009419
2014-03-12,2799.26,0.038518,0.047443,0.037937,0.028431,0.018925,0.009419
2014-03-13,2834.67,0.037488,0.047443,0.037937,0.028431,0.018925,0.009419
2014-03-14,2819.06,0.038202,0.047443,0.037937,0.028431,0.018925,0.009419
2014-03-17,2863.74,0.037349,0.047443,0.037937,0.028431,0.018925,0.009419
2014-03-18,2869.03,0.037119,0.047443,0.037937,0.028431,0.018925,0.009419
2014-03-19,2856.79,0.037457,0.047443,0.037937,0.028431,0.018925,0.009419
2014-03-20,2795.26,0.039021,0.047443,0.037937,0.028431,0.018925,0.009419
2014-03-21,2866,0.037285,0.047443,0.037937,0.028431,0.018925,0.009419
2014-03-24,2884.39,0.036517,0.047443,0.037937,0.028431,0.018925,0.009419
2014-03-25,2883.67,0.036418,0.047443,0.037937,0.028431,0.018925,0.009419
2014-03-26,2887.8,0.036616,0.047443,0.037937,0.028431,0.018925,0.009419
2014-03-27,2851.41,0.037866,0.047443,0.037937,0.028431,0.018925,0.009419
2014-03-28,2815.04,0.038979,0.047443,0.037937,0.028431,0.018925,0.009419
2014-03-31,2801.24,0.039504,0.047443,0.037937,0.028431,0.018925,0.009419
2014-04-01,2834.97,0.038658,0.047443,0.037937,0.028431,0.018925,0.009419
2014-04-02,2841.92,0.038479,0.047443,0.037937,0.028431,0.018925,0.009419
2014-04-03,2831.17,0.038897,0.047443,0.037937,0.028431,0.018925,0.009419
2014-04-04,2860.84,0.038202,0.047443,0.037937,0.028431,0.018925,0.009419
2014-04-08,2906.99,0.037112,0.047443,0.037937,0.028431,0.018925,0.009419
2014-04-09,2922.67,0.036418,0.047443,0.037937,0.028431,0.018925,0.009419
2014-04-10,2951.85,0.035708,0.047443,0.037937,0.028431,0.018925,0.009419
2014-04-11,2943.27,0.036,0.047443,0.037937,0.028431,0.018925,0.009419
2014-04-14,2952.68,0.036297,0.047443,0.037937,0.028431,0.018925,0.009419
2014-04-15,2918.78,0.03741,0.047443,0.037937,0.028431,0.018925,0.009419
2014-04-16,2921.63,0.037808,0.047443,0.037937,0.028431,0.018925,0.009419
2014-04-17,2916.66,0.038903,0.047443,0.037937,0.028431,0.018925,0.009419
2014-04-18,2922.43,0.038538,0.047443,0.037937,0.028431,0.018925,0.009419
2014-04-21,2876.06,0.039819,0.047443,0.037937,0.028431,0.018925,0.009419
2014-04-22,2871.33,0.039819,0.047443,0.037937,0.028431,0.018925,0.009419
2014-04-23,2864.56,0.039864,0.047443,0.037937,0.028431,0.018925,0.009419
2014-04-24,2848.01,0.040531,0.047443,0.037937,0.028431,0.018925,0.009419
2014-04-25,2803.59,0.041556,0.047443,0.037937,0.028431,0.018925,0.009419
2014-04-28,2737.39,0.04347,0.047443,0.037937,0.028431,0.018925,0.009419
2014-04-29,2770.01,0.043121,0.047443,0.037937,0.028431,0.018925,0.009419
2014-04-30,2782.73,0.042949,0.047443,0.037937,0.028431,0.018925,0.009419
2014-05-05,2795.58,0.042728,0.047443,0.037937,0.028431,0.018925,0.009419
2014-05-06,2805.43,0.042855,0.047443,0.037937,0.028431,0.018925,0.009419
2014-05-07,2768.45,0.04382,0.047443,0.037937,0.028431,0.018925,0.009419
2014-05-08,2768.01,0.044171,0.047443,0.037937,0.028431,0.018925,0.009419
2014-05-09,2752.85,0.04565,0.047443,0.037937,0.028431,0.018925,0.009419
2014-05-12,2814.11,0.043873,0.047443,0.037937,0.028431,0.018925,0.009419
2014-05-13,2809.57,0.043718,0.047443,0.037937,0.028431,0.018925,0.009419
2014-05-14,2807.94,0.043518,0.047443,0.037937,0.028431,0.018925,0.009419
2014-05-15,2763.5,0.044422,0.047443,0.037937,0.028431,0.018925,0.009419
2014-05-16,2760.31,0.044422,0.047443,0.037937,0.028431,0.018925,0.009419
2014-05-19,2734.65,0.0453,0.047443,0.037937,0.028431,0.018925,0.009419
2014-05-20,2740.79,0.045048,0.047443,0.037937,0.028431,0.018925,0.009419
2014-05-21,2765.51,0.044299,0.047443,0.037937,0.028431,0.018925,0.009419
2014-05-22,2763.34,0.044299,0.047443,0.037937,0.028431,0.018925,0.009419
2014-05-23,2789.86,0.04391,0.047443,0.037937,0.028431,0.018925,0.009419
2014-05-26,2812.25,0.0433,0.047443,0.037937,0.028431,0.018925,0.009419
2014-05-27,2801.61,0.043618,0.047443,0.037937,0.028431,0.018925,0.009419
2014-05-28,2833.39,0.042925,0.047443,0.037937,0.028431,0.018925,0.009419
2014-05-29,2807.8,0.043729,0.047443,0.037937,0.028431,0.018925,0.009419
2014-05-30,2812.16,0.04423,0.047443,0.037937,0.028431,0.018925,0.009419
2014-06-03,2805.94,0.044732,0.047443,0.037937,0.028431,0.018925,0.009419
2014-06-04,2781.95,0.045415,0.047443,0.037937,0.028431,0.018925,0.009419
2014-06-05,2814.33,0.044415,0.047443,0.037937,0.028431,0.018925,0.009419
2014-06-06,2800.26,0.044475,0.047443,0.037937,0.028431,0.018925,0.009419
2014-06-09,2791.17,0.04452,0.047443,0.037937,0.028431,0.018925,0.009419
2014-06-10,2826.07,0.043614,0.047443,0.037937,0.028431,0.018925,0.009419
2014-06-11,2834.22,0.043401,0.047443,0.037937,0.028431,0.018925,0.009419
2014-06-12,2827.94,0.043543,0.047443,0.037937,0.028431,0.018925,0.009419
2014-06-13,2858.13,0.0425,0.047443,0.037937,0.028431,0.018925,0.009419
2014-06-16,2877.47,0.042492,0.047443,0.037937,0.028431,0.018925,0.009419
2014-06-17,2850.28,0.043431,0.047443,0.037937,0.028431,0.018925,0.009419
2014-06-18,2834.03,0.043856,0.047443,0.037937,0.028431,0.018925,0.009419
2014-06-19,2773.13,0.045556,0.047443,0.037937,0.028431,0.018925,0.009419
2014-06-20,2793.45,0.04516,0.047443,0.037937,0.028431,0.018925,0.009419
2014-06-23,2806.46,0.04494,0.047443,0.037937,0.028431,0.018925,0.009419
2014-06-24,2823.21,0.044503,0.047443,0.037937,0.028431,0.018925,0.009419
2014-06-25,2809.01,0.044766,0.047443,0.037937,0.028431,0.018925,0.009419
2014-06-26,2839.68,0.044071,0.047443,0.037937,0.028431,0.018925,0.009419
2014-06-27,2851.29,0.044071,0.047443,0.037937,0.028431,0.018925,0.009419
2014-06-30,2875.34,0.043401,0.047443,0.037937,0.028431,0.018925,0.009419
2014-07-01,2884.27,0.042989,0.047443,0.037937,0.028431,0.018925,0.009419
2014-07-02,2897.54,0.042239,0.047443,0.037937,0.028431,0.018925,0.009419
2014-07-03,2914.8,0.041592,0.047443,0.037937,0.028431,0.018925,0.009419
2014-07-04,2911.08,0.041461,0.047443,0.037937,0.028431,0.018925,0.009419
2014-07-07,2909.62,0.041961,0.047443,0.037937,0.028431,0.018925,0.009419
2014-07-08,2923.69,0.041685,0.047443,0.037937,0.028431,0.018925,0.009419
2014-07-09,2880.61,0.0427,0.047443,0.037937,0.028431,0.018925,0.009419
2014-07-10,2876.9,0.042983,0.047443,0.037937,0.028431,0.018925,0.009419
2014-07-11,2892.87,0.042729,0.047443,0.037937,0.028431,0.018925,0.009419
2014-07-14,2927.8,0.041792,0.047443,0.037937,0.028431,0.018925,0.009419
2014-07-15,2925.13,0.041492,0.047443,0.037937,0.028431,0.018925,0.009419
2014-07-16,2907.06,0.041239,0.047443,0.037937,0.028431,0.018925,0.009419
2014-07-17,2890.52,0.041159,0.047443,0.037937,0.028431,0.018925,0.009419
2014-07-18,2897,0.040719,0.047443,0.037937,0.028431,0.018925,0.009419
2014-07-21,2894.52,0.040859,0.047443,0.037937,0.028431,0.018925,0.009419
2014-07-22,2931.31,0.040324,0.047443,0.037937,0.028431,0.018925,0.009419
2014-07-23,2919.56,0.040163,0.047443,0.037937,0.028431,0.018925,0.009419
2014-07-24,2938.45,0.039478,0.047443,0.037937,0.028431,0.018925,0.009419
2014-07-25,2967.13,0.039036,0.047443,0.037937,0.028431,0.018925,0.009419
2014-07-28,3035.29,0.037147,0.047443,0.037937,0.028431,0.018925,0.009419
2014-07-29,3057.03,0.036668,0.047443,0.037937,0.028431,0.018925,0.009419
2014-07-30,3058.97,0.036568,0.047443,0.037937,0.028431,0.018925,0.009419
2014-07-31,3089.05,0.036081,0.047443,0.037937,0.028431,0.018925,0.009419
2014-08-01,3058.65,0.036804,0.047443,0.037937,0.028431,0.018925,0.009419
2014-08-04,3111.22,0.035726,0.047443,0.037937,0.028431,0.018925,0.009419
2014-08-05,3118.93,0.035505,0.047443,0.037937,0.028431,0.018925,0.009419
2014-08-06,3122.62,0.035665,0.047443,0.037937,0.028431,0.018925,0.009419
2014-08-07,3086.34,0.036553,0.047443,0.037937,0.028431,0.018925,0.009419
2014-08-08,3100.81,0.036081,0.047443,0.037937,0.028431,0.018925,0.009419
2014-08-11,3146.77,0.034944,0.047443,0.037937,0.028431,0.018925,0.009419
2014-08-12,3150.05,0.035004,0.047443,0.037937,0.028431,0.018925,0.009419
2014-08-13,3151.46,0.035263,0.047443,0.037937,0.028431,0.018925,0.009419
2014-08-14,3129.17,0.036369,0.047443,0.037937,0.028431,0.018925,0.009419
2014-08-15,3162.78,0.035738,0.047443,0.037937,0.028431,0.018925,0.009419
2014-08-18,3196.87,0.034942,0.047443,0.037937,0.028431,0.018925,0.009419
2014-08-19,3203.57,0.034684,0.047443,0.037937,0.028431,0.018925,0.009419
2014-08-20,3197.24,0.034763,0.047443,0.037937,0.028431,0.018925,0.009419
2014-08-21,3192.98,0.034942,0.047443,0.037937,0.028431,0.018925,0.009419
2014-08-22,3212.5,0.034486,0.047443,0.037937,0.028431,0.018925,0.009419
2014-08-25,3186.19,0.035302,0.047443,0.037937,0.028431,0.018925,0.009419
2014-08-26,3143.27,0.036466,0.047443,0.037937,0.028431,0.018925,0.009419
2014-08-27,3153.17,0.036789,0.047443,0.037937,0.028431,0.018925,0.009419
2014-08-28,3128.23,0.037673,0.047443,0.037937,0.028431,0.018925,0.009419
2014-08-29,3163.42,0.037255,0.047443,0.037937,0.028431,0.018925,0.009419
2014-09-01,3204.56,0.036441,0.047443,0.037937,0.028431,0.018925,0.009419
2014-09-02,3249.98,0.035302,0.047443,0.037937,0.028431,0.018925,0.009419
2014-09-03,3277.32,0.034486,0.047443,0.037937,0.028431,0.018925,0.009419
2014-09-04,3304.76,0.0337,0.047443,0.037937,0.028431,0.018925,0.009419
2014-09-05,3326.79,0.03308,0.047443,0.037937,0.028431,0.018925,0.009419
2014-09-09,3336.28,0.032966,0.047443,0.037937,0.028431,0.018925,0.009419
2014-09-10,3337.43,0.032851,0.047443,0.037937,0.028431,0.018925,0.009419
2014-09-11,3330.68,0.033023,0.047443,0.037937,0.028431,0.018925,0.009419
2014-09-12,3361.66,0.03244,0.047443,0.037937,0.028431,0.018925,0.009419
2014-09-15,3379.95,0.032357,0.047443,0.037937,0.028431,0.018925,0.009419
2014-09-16,3289.85,0.033957,0.047443,0.037937,0.028431,0.018925,0.009419
2014-09-17,3311.88,0.034203,0.047443,0.037937,0.028431,0.018925,0.009419
2014-09-18,3329.81,0.034453,0.047443,0.037937,0.028431,0.018925,0.009419
2014-09-19,3358.1,0.035034,0.047443,0.037937,0.028431,0.018925,0.009419
2014-09-22,3308.43,0.036442,0.047443,0.037937,0.028431,0.018925,0.009419
2014-09-23,3345.85,0.035946,0.047443,0.037937,0.028431,0.018925,0.009419
2014-09-24,3396.85,0.034373,0.047443,0.037937,0.028431,0.018925,0.009419
2014-09-25,3394.84,0.034715,0.047443,0.037937,0.028431,0.018925,0.009419
2014-09-26,3403.22,0.034449,0.047443,0.037937,0.028431,0.018925,0.009419
2014-09-29,3428.75,0.034262,0.047443,0.037937,0.028431,0.018925,0.009419
2014-09-30,3444.72,0.034033,0.047443,0.037937,0.028431,0.018925,0.009419
2014-10-08,3489.71,0.033234,0.047443,0.037937,0.028431,0.018925,0.009419
2014-10-09,3499.16,0.032922,0.047443,0.037937,0.028431,0.018925,0.009419
2014-10-10,3482.06,0.033196,0.047443,0.037937,0.028431,0.018925,0.009419
2014-10-13,3474.64,0.03351,0.047443,0.037937,0.028431,0.018925,0.009419
2014-10-14,3464.74,0.034721,0.047443,0.037937,0.028431,0.018925,0.009419
2014-10-15,3483.46,0.03514,0.047443,0.037937,0.028431,0.018925,0.009419
2014-10-16,3442.78,0.035891,0.047443,0.037937,0.028431,0.018925,0.009419
2014-10-17,3419.32,0.036386,0.047443,0.037937,0.028431,0.018925,0.009419
2014-10-20,3454.64,0.036426,0.047443,0.037937,0.028431,0.018925,0.009419
2014-10-21,3425.04,0.037075,0.047443,0.037937,0.028431,0.018925,0.009419
2014-10-22,3393.29,0.037032,0.047443,0.037937,0.028431,0.018925,0.009419
2014-10-23,3348.92,0.037857,0.047443,0.037937,0.028431,0.018925,0.009419
2014-10-24,3350.71,0.037957,0.047443,0.037937,0.028431,0.018925,0.009419
2014-10-27,3351.84,0.038447,0.047443,0.037937,0.028431,0.018925,0.009419
2014-10-28,3429.54,0.037588,0.047443,0.037937,0.028431,0.018925,0.009419
2014-10-29,3477.86,0.037064,0.047443,0.037937,0.028431,0.018925,0.009419
2014-10-30,3489.96,0.036509,0.047443,0.037937,0.028431,0.018925,0.009419
2014-10-31,3510.72,0.035954,0.047443,0.037937,0.028431,0.018925,0.009419
2014-11-03,3533.41,0.036231,0.047443,0.037937,0.028431,0.018925,0.009419
2014-11-04,3523.3,0.036884,0.047443,0.037937,0.028431,0.018925,0.009419
2014-11-05,3515.16,0.037454,0.047443,0.037937,0.028431,0.018925,0.009419
2014-11-06,3531.79,0.037084,0.047443,0.037937,0.028431,0.018925,0.009419
2014-11-07,3511.74,0.037955,0.047443,0.037937,0.028431,0.018925,0.009419
2014-11-10,3566.4,0.037179,0.047443,0.037937,0.028431,0.018925,0.009419
2014-11-11,3499.26,0.037912,0.047443,0.037937,0.028431,0.018925,0.009419
2014-11-12,3552.15,0.036626,0.047443,0.037937,0.028431,0.018925,0.009419
2014-11-13,3519.25,0.036798,0.047443,0.037937,0.028431,0.018925,0.009419
2014-11-14,3514.63,0.036304,0.047443,0.037937,0.028431,0.018925,0.009419
2014-11-17,3528.76,0.036098,0.047443,0.037937,0.028431,0.018925,0.009419
2014-11-18,3519.92,0.03697,0.047443,0.037937,0.028431,0.018925,0.009419
2014-11-19,3529.7,0.036817,0.047443,0.037937,0.028431,0.018925,0.009419
2014-11-20,3526.77,0.03657,0.047443,0.037937,0.028431,0.018925,0.009419
2014-11-21,3575.87,0.035621,0.047443,0.037937,0.028431,0.018925,0.009419
2014-11-24,3641,0.036195,0.047443,0.037937,0.028431,0.018925,0.009419
2014-11-25,3694.15,0.0348,0.047443,0.037937,0.028431,0.018925,0.009419
2014-11-26,3730.46,0.033977,0.047443,0.037937,0.028431,0.018925,0.009419
2014-11-27,3765.2,0.033361,0.047443,0.037937,0.028431,0.018925,0.009419
2014-11-28,3801.61,0.032161,0.047443,0.037937,0.028431,0.018925,0.009419
2014-12-01,3789.73,0.032397,0.047443,0.037937,0.028431,0.018925,0.009419
2014-12-02,3879.9,0.030085,0.047443,0.037937,0.028431,0.018925,0.009419
2014-12-03,3928.62,0.029061,0.047443,0.037937,0.028431,0.018925,0.009419
2014-12-04,4051.31,0.026334,0.047443,0.037937,0.028431,0.018925,0.009419
2014-12-05,4018.93,0.024717,0.047443,0.037937,0.028431,0.018925,0.009419
2014-12-08,4115.81,0.023142,0.047443,0.037937,0.028431,0.018925,0.009419
2014-12-09,3935.37,0.026976,0.047443,0.037937,0.028431,0.018925,0.009419
2014-12-10,4074.05,0.025487,0.047443,0.037937,0.028431,0.018925,0.009419
2014-12-11,4078.68,0.025445,0.047443,0.037937,0.028431,0.018925,0.009419
2014-12-12,4105.88,0.024898,0.047443,0.037937,0.028431,0.018925,0.009419
2014-12-15,4153.42,0.023725,0.047443,0.037937,0.028431,0.018925,0.009419
2014-12-16,4210.72,0.022915,0.047443,0.037937,0.028431,0.018925,0.009419
2014-12-17,4225.94,0.02244,0.047443,0.037937,0.028431,0.018925,0.009419
2014-12-18,4212.88,0.022457,0.047443,0.037937,0.028431,0.018925,0.009419
2014-12-19,4217.02,0.022313,0.047443,0.037937,0.028431,0.018925,0.009419
2014-12-22,4136.18,0.022517,0.047443,0.037937,0.028431,0.018925,0.009419
2014-12-23,4055.34,0.024537,0.047443,0.037937,0.028431,0.018925,0.009419
2014-12-24,4027.01,0.025997,0.047443,0.037937,0.028431,0.018925,0.009419
2014-12-25,4125.63,0.023919,0.047443,0.037937,0.028431,0.018925,0.009419
2014-12-26,4210.81,0.022547,0.047443,0.037937,0.028431,0.018925,0.009419
2014-12-29,4186.36,0.022612,0.047443,0.037937,0.028431,0.018925,0.009419
2014-12-30,4152.93,0.022784,0.047443,0.037937,0.028431,0.018925,0.009419
2014-12-31,4219,0.021567,0.047443,0.037937,0.028431,0.018925,0.009419
2015-01-05,4310.69,0.019799,0.047443,0.037937,0.028431,0.018925,0.009419
2015-01-06,4338.93,0.019484,0.047443,0.037937,0.028431,0.018925,0.009419
2015-01-07,4341.89,0.019361,0.047443,0.037937,0.028431,0.018925,0.009419
2015-01-08,4277.76,0.020491,0.047443,0.037937,0.028431,0.018925,0.009419
2015-01-09,4257.06,0.020686,0.047443,0.037937,0.028431,0.018925,0.009419
2015-01-12,4209.38,0.021337,0.047443,0.037937,0.028431,0.018925,0.009419
2015-01-13,4236.69,0.021665,0.047443,0.037937,0.028431,0.018925,0.009419
2015-01-14,4220.66,0.022257,0.047443,0.037937,0.028431,0.018925,0.009419
2015-01-15,4304.69,0.020587,0.047443,0.037937,0.028431,0.018925,0.009419
2015-01-16,4349.65,0.020403,0.047443,0.037937,0.028431,0.018925,0.009419
2015-01-19,4102.1,0.024515,0.047443,0.037937,0.028431,0.018925,0.009419
2015-01-20,4196.97,0.023449,0.047443,0.037937,0.028431,0.018925,0.009419
2015-01-21,4342.22,0.021128,0.047443,0.037937,0.028431,0.018925,0.009419
2015-01-22,4385.06,0.020957,0.047443,0.037937,0.028431,0.018925,0.009419
2015-01-23,4368.62,0.020987,0.047443,0.037937,0.028431,0.018925,0.009419
2015-01-26,4435.87,0.020343,0.047443,0.037937,0.028431,0.018925,0.009419
2015-01-27,4425.6,0.0207,0.047443,0.037937,0.028431,0.018925,0.009419
2015-01-28,4383.22,0.020875,0.047443,0.037937,0.028431,0.018925,0.009419
2015-01-29,4342.75,0.0213,0.047443,0.037937,0.028431,0.018925,0.009419
2015-01-30,4287.84,0.022065,0.047443,0.037937,0.028431,0.018925,0.009419
2015-02-02,4227.98,0.023516,0.047443,0.037937,0.028431,0.018925,0.009419
2015-02-03,4317.46,0.022397,0.047443,0.037937,0.028431,0.018925,0.009419
2015-02-04,4290.96,0.022752,0.047443,0.037937,0.028431,0.018925,0.009419
2015-02-05,4261.62,0.023874,0.047443,0.037937,0.028431,0.018925,0.009419
2015-02-06,4184.68,0.024697,0.047443,0.037937,0.028431,0.018925,0.009419
2015-02-09,4192.66,0.024589,0.047443,0.037937,0.028431,0.018925,0.009419
2015-02-10,4257.97,0.023577,0.047443,0.037937,0.028431,0.018925,0.009419
2015-02-11,4300.68,0.023444,0.047443,0.037937,0.028431,0.018925,0.009419
2015-02-12,4323.56,0.023249,0.047443,0.037937,0.028431,0.018925,0.009419
2015-02-13,4376.23,0.022936,0.047443,0.037937,0.028431,0.018925,0.009419
2015-02-16,4436.61,0.022537,0.047443,0.037937,0.028431,0.018925,0.009419
2015-02-17,4468.3,0.022135,0.047443,0.037937,0.028431,0.018925,0.009419
2015-02-25,4436.94,0.022376,0.047443,0.037937,0.028431,0.018925,0.009419
2015-02-26,4512.46,0.021242,0.047443,0.037937,0.028431,0.018925,0.009419
2015-02-27,4540.14,0.020846,0.047443,0.037937,0.028431,0.018925,0.009419
2015-03-02,4607.95,0.020065,0.047443,0.037937,0.028431,0.018925,0.009419
2015-03-03,4537.47,0.021026,0.047443,0.037937,0.028431,0.018925,0.009419
2015-03-04,4589.9,0.020678,0.047443,0.037937,0.028431,0.018925,0.009419
2015-03-05,4575.79,0.020572,0.047443,0.037937,0.028431,0.018925,0.009419
2015-03-06,4535.46,0.020509,0.047443,0.037937,0.028431,0.018925,0.009419
2015-03-09,4605,0.019427,0.047443,0.037937,0.028431,0.018925,0.009419
2015-03-10,4624.65,0.019161,0.047443,0.037937,0.028431,0.018925,0.009419
2015-03-11,4625.73,0.019822,0.047443,0.037937,0.028431,0.018925,0.009419
2015-03-12,4661.81,0.019256,0.047443,0.037937,0.028431,0.018925,0.009419
2015-03-13,4710.85,0.018339,0.047443,0.037937,0.028431,0.018925,0.009419
2015-03-16,4841.61,0.016714,0.047443,0.037937,0.028431,0.018925,0.009419
2015-03-17,4908.65,0.015904,0.047443,0.037937,0.028431,0.018925,0.009419
2015-03-18,5012.04,0.014738,0.047443,0.037937,0.028431,0.018925,0.009419
2015-03-19,5027.45,0.014885,0.047443,0.037937,0.028431,0.018925,0.009419
2015-03-20,5089.96,0.014565,0.047443,0.037937,0.028431,0.018925,0.009419
2015-03-23,5208.89,0.013298,0.047443,0.037937,0.028431,0.018925,0.009419
2015-03-24,5231.42,0.013259,0.047443,0.037937,0.028431,0.018925,0.009419
2015-03-25,5241.52,0.012995,0.047443,0.037937,0.028431,0.018925,0.009419
2015-03-26,5212.77,0.012221,0.047443,0.037937,0.028431,0.018925,0.009419
2015-03-27,5256.35,0.011795,0.047443,0.037937,0.028431,0.018925,0.009419
2015-03-30,5350.51,0.010827,0.047443,0.037937,0.028431,0.018925,0.009419
2015-03-31,5335.49,0.010423,0.047443,0.037937,0.028431,0.018925,0.009419
2015-04-01,5448.17,0.010042,0.047443,0.037937,0.028431,0.018925,0.009419
2015-04-02,5509.21,0.010256,0.047443,0.037937,0.028431,0.018925,0.009419
2015-04-03,5590.94,0.009458,0.047443,0.037937,0.028431,0.018925,0.009419
2015-04-07,5711.52,0.008151,0.047443,0.037937,0.028431,0.018925,0.009419
2015-04-08,5706.1,0.007181,0.047443,0.037937,0.028431,0.018925,0.009419
2015-04-09,5660.24,0.007486,0.047443,0.037937,0.028431,0.018925,0.009419
2015-04-10,5787.21,0.006638,0.047443,0.037937,0.028431,0.018925,0.009419
2015-04-13,5901.75,0.005927,0.047443,0.037937,0.028431,0.018925,0.009419
2015-04-14,5915.94,0.00643,0.047443,0.037937,0.028431,0.018925,0.009419
2015-04-15,5764.91,0.007439,0.047443,0.037937,0.028431,0.018925,0.009419
2015-04-16,5885.23,0.006925,0.047443,0.037937,0.028431,0.018925,0.009419
2015-04-17,5958.14,0.006299,0.047443,0.037937,0.028431,0.018925,0.009419
2015-04-20,5852.96,0.008058,0.047443,0.037937,0.028431,0.018925,0.009419
2015-04-21,6023.42,0.007605,0.047443,0.037937,0.028431,0.018925,0.009419
2015-04-22,6188.01,0.00664,0.047443,0.037937,0.028431,0.018925,0.009419
2015-04-23,6224.56,0.006333,0.047443,0.037937,0.028431,0.018925,0.009419
2015-04-24,6205.16,0.006138,0.047443,0.037937,0.028431,0.018925,0.009419
2015-04-27,6300.93,0.00542,0.047443,0.037937,0.028431,0.018925,0.009419
2015-04-28,6167.86,0.006247,0.047443,0.037937,0.028431,0.018925,0.009419
2015-04-29,6257.59,0.006193,0.047443,0.037937,0.028431,0.018925,0.009419
2015-04-30,6258.61,0.006839,0.047443,0.037937,0.028431,0.018925,0.009419
2015-05-04,6307.57,0.006231,0.047443,0.037937,0.028431,0.018925,0.009419
2015-05-05,6086.06,0.007566,0.047443,0.037937,0.028431,0.018925,0.009419
2015-05-06,6028.22,0.007461,0.047443,0.037937,0.028431,0.018925,0.009419
2015-05-07,5912.67,0.008576,0.047443,0.037937,0.028431,0.018925,0.009419
2015-05-08,6094.72,0.008097,0.047443,0.037937,0.028431,0.018925,0.009419
2015-05-11,6324.11,0.006658,0.047443,0.037937,0.028431,0.018925,0.009419
2015-05-12,6440.47,0.005834,0.047443,0.037937,0.028431,0.018925,0.009419
2015-05-13,6450.72,0.005896,0.047443,0.037937,0.028431,0.018925,0.009419
2015-05-14,6453.7,0.006075,0.047443,0.037937,0.028431,0.018925,0.009419
2015-05-15,6384.32,0.006481,0.047443,0.037937,0.028431,0.018925,0.009419
2015-05-18,6435.07,0.006191,0.047443,0.037937,0.028431,0.018925,0.009419
2015-05-19,6623.79,0.004842,0.047443,0.037937,0.028431,0.018925,0.009419
2015-05-20,6715.71,0.004428,0.047443,0.037937,0.028431,0.018925,0.009419
2015-05-21,6903.76,0.003544,0.047443,0.037937,0.028431,0.018925,0.009419
2015-05-22,7026.53,0.002903,0.047443,0.037937,0.028431,0.018925,0.009419
2015-05-25,7202.85,0.001881,0.047443,0.037937,0.028431,0.018925,0.009419
2015-05-26,7409.93,0.000143,0.047443,0.037937,0.028431,0.018925,0.009419
2015-05-27,7451.34,0.000072,0.047443,0.037937,0.028431,0.018925,0.009419
2015-05-28,6993.6,0.001761,0.047443,0.037937,0.028431,0.018925,0.009419
2015-05-29,7047.31,0.001335,0.047443,0.037937,0.028431,0.018925,0.009419
2015-06-01,7402.48,-0.000784,0.047443,0.037937,0.028431,0.018925,0.009419
2015-06-02,7624.02,-0.001114,0.047443,0.037937,0.028431,0.018925,0.009419
2015-06-03,7643.01,-0.001388,0.047443,0.037937,0.028431,0.018925,0.009419
2015-06-04,7655.22,-0.001391,0.047443,0.037937,0.028431,0.018925,0.009419
2015-06-05,7748.37,-0.001713,0.047443,0.037937,0.028431,0.018925,0.009419
2015-06-08,7755.74,-0.00207,0.047443,0.037937,0.028431,0.018925,0.009419
2015-06-09,7731.53,-0.001951,0.047443,0.037937,0.028431,0.018925,0.009419
2015-06-10,7813.59,-0.002392,0.047443,0.037937,0.028431,0.018925,0.009419
2015-06-11,7891.57,-0.002863,0.047443,0.037937,0.028431,0.018925,0.009419
2015-06-12,7984.43,-0.0032,0.047443,0.037937,0.028431,0.018925,0.009419
2015-06-15,7830.24,-0.003194,0.047443,0.037937,0.028431,0.018925,0.009419
2015-06-16,7549.98,-0.001515,0.047443,0.037937,0.028431,0.018925,0.009419
2015-06-17,7686.79,-0.002125,0.047443,0.037937,0.028431,0.018925,0.009419
2015-06-18,7411.91,-0.000532,0.047443,0.037937,0.028431,0.018925,0.009419
2015-06-19,6943.04,0.001583,0.047443,0.037937,0.028431,0.018925,0.009419
2015-06-23,7048.74,0.000589,0.047443,0.037937,0.028431,0.018925,0.009419
2015-06-24,7195.78,-0.000187,0.047443,0.037937,0.028431,0.018925,0.009419
2015-06-25,6932.39,0.001161,0.047443,0.037937,0.028431,0.018925,0.009419
2015-06-26,6377.07,0.003997,0.047443,0.037937,0.028431,0.018925,0.009419
2015-06-29,6044.16,0.005706,0.047443,0.037937,0.028431,0.018925,0.009419
2015-06-30,6374.83,0.003433,0.047443,0.037937,0.028431,0.018925,0.009419
2015-07-01,6038.69,0.00544,0.047443,0.037937,0.028431,0.018925,0.009419
2015-07-02,5725.83,0.006915,0.047443,0.037937,0.028431,0.018925,0.009419
2015-07-03,5390.68,0.009902,0.047443,0.037937,0.028431,0.018925,0.009419
2015-07-06,5353.86,0.010159,0.047443,0.037937,0.028431,0.018925,0.009419
2015-07-07,5145.51,0.01148,0.047443,0.037937,0.028431,0.018925,0.009419
2015-07-08,4900.42,0.01384,0.047443,0.037937,0.028431,0.018925,0.009419
2015-07-09,5144.13,0.011542,0.047443,0.037937,0.028431,0.018925,0.009419
2015-07-10,5386.22,0.00928,0.047443,0.037937,0.028431,0.018925,0.009419
2015-07-13,5598.64,0.008192,0.047443,0.037937,0.028431,0.018925,0.009419
2015-07-14,5610.2,0.008083,0.047443,0.037937,0.028431,0.018925,0.009419
2015-07-15,5375.38,0.009198,0.047443,0.037937,0.028431,0.018925,0.009419
2015-07-16,5437.81,0.00916,0.047443,0.037937,0.028431,0.018925,0.009419
2015-07-17,5691.55,0.007714,0.047443,0.037937,0.028431,0.018925,0.009419
2015-07-20,5768.49,0.007333,0.047443,0.037937,0.028431,0.018925,0.009419
2015-07-21,5830.52,0.006842,0.047443,0.037937,0.028431,0.018925,0.009419
2015-07-22,5869.74,0.006802,0.047443,0.037937,0.028431,0.018925,0.009419
2015-07-23,6026.95,0.006155,0.047443,0.037937,0.028431,0.018925,0.009419
2015-07-24,5940.26,0.006864,0.047443,0.037937,0.028431,0.018925,0.009419
2015-07-27,5478.88,0.010332,0.047443,0.037937,0.028431,0.018925,0.009419
2015-07-28,5375.72,0.011274,0.047443,0.037937,0.028431,0.018925,0.009419
2015-07-29,5590.31,0.009923,0.047443,0.037937,0.028431,0.018925,0.009419
2015-07-30,5433.4,0.011009,0.047443,0.037937,0.028431,0.018925,0.009419
2015-07-31,5380.01,0.011068,0.047443,0.037937,0.028431,0.018925,0.009419
2015-08-03,5270.29,0.011838,0.047443,0.037937,0.028431,0.018925,0.009419
2015-08-04,5507.63,0.010136,0.047443,0.037937,0.028431,0.018925,0.009419
2015-08-05,5433.98,0.010878,0.047443,0.037937,0.028431,0.018925,0.009419
2015-08-06,5400.55,0.011326,0.047443,0.037937,0.028431,0.018925,0.009419
2015-08-07,5547.11,0.010233,0.047443,0.037937,0.028431,0.018925,0.009419
2015-08-10,5811.7,0.008114,0.047443,0.037937,0.028431,0.018925,0.009419
2015-08-11,5822.53,0.007627,0.047443,0.037937,0.028431,0.018925,0.009419
2015-08-12,5748.5,0.008059,0.047443,0.037937,0.028431,0.018925,0.009419
2015-08-13,5871.15,0.007509,0.047443,0.037937,0.028431,0.018925,0.009419
2015-08-14,5898.59,0.007536,0.047443,0.037937,0.028431,0.018925,0.009419
2015-08-17,5963.36,0.007244,0.047443,0.037937,0.028431,0.018925,0.009419
2015-08-18,5561.44,0.010043,0.047443,0.037937,0.028431,0.018925,0.009419
2015-08-19,5674.28,0.009393,0.047443,0.037937,0.028431,0.018925,0.009419
2015-08-20,5490.65,0.010983,0.047443,0.037937,0.028431,0.018925,0.009419
2015-08-21,5215.02,0.013314,0.047443,0.037937,0.028431,0.018925,0.009419
2015-08-24,4788.04,0.018285,0.047443,0.037937,0.028431,0.018925,0.009419
2015-08-25,4442.48,0.022687,0.047443,0.037937,0.028431,0.018925,0.009419
2015-08-26,4334.14,0.024251,0.047443,0.037937,0.028431,0.018925,0.009419
2015-08-27,4530.14,0.021918,0.047443,0.037937,0.028431,0.018925,0.009419
2015-08-28,4764.94,0.019876,0.047443,0.037937,0.028431,0.018925,0.009419
2015-08-31,4684.96,0.021182,0.047443,0.037937,0.028431,0.018925,0.009419
2015-09-01,4529.78,0.022409,0.047443,0.037937,0.028431,0.018925,0.009419
2015-09-02,4466.57,0.022623,0.047443,0.037937,0.028431,0.018925,0.009419
2015-09-07,4421.33,0.023421,0.047443,0.037937,0.028431,0.018925,0.009419
2015-09-08,4575.43,0.021542,0.047443,0.037937,0.028431,0.018925,0.009419
2015-09-09,4701.48,0.020315,0.047443,0.037937,0.028431,0.018925,0.009419
2015-09-10,4637.7,0.021044,0.047443,0.037937,0.028431,0.018925,0.009419
2015-09-11,4657.7,0.021054,0.047443,0.037937,0.028431,0.018925,0.009419
2015-09-14,4450.35,0.023201,0.047443,0.037937,0.028431,0.018925,0.009419
2015-09-15,4245.27,0.025646,0.047443,0.037937,0.028431,0.018925,0.009419
2015-09-16,4490.13,0.022802,0.047443,0.037937,0.028431,0.018925,0.009419
2015-09-17,4407.82,0.023748,0.047443,0.037937,0.028431,0.018925,0.009419
2015-09-18,4449.18,0.023495,0.047443,0.037937,0.028431,0.018925,0.009419
2015-09-21,4570.03,0.02218,0.047443,0.037937,0.028431,0.018925,0.009419
2015-09-22,4604.73,0.021658,0.047443,0.037937,0.028431,0.018925,0.009419
2015-09-23,4533.3,0.022506,0.047443,0.037937,0.028431,0.018925,0.009419
2015-09-24,4581.45,0.02218,0.047443,0.037937,0.028431,0.018925,0.009419
2015-09-25,4463.49,0.023431,0.047443,0.037937,0.028431,0.018925,0.009419
2015-09-28,4521.85,0.023094,0.047443,0.037937,0.028431,0.018925,0.009419
2015-09-29,4440.56,0.024507,0.047443,0.037937,0.028431,0.018925,0.009419
2015-09-30,4460.1,0.024381,0.047443,0.037937,0.028431,0.018925,0.009419
2015-10-08,4615.69,0.022639,0.047443,0.037937,0.028431,0.018925,0.009419
2015-10-09,4681.41,0.022788,0.047443,0.037937,0.028431,0.018925,0.009419
2015-10-12,4852.99,0.021002,0.047443,0.037937,0.028431,0.018925,0.009419
2015-10-13,4886.25,0.021179,0.047443,0.037937,0.028431,0.018925,0.009419
2015-10-14,4829.1,0.022395,0.047443,0.037937,0.028431,0.018925,0.009419
2015-10-15,4962.58,0.020753,0.047443,0.037937,0.028431,0.018925,0.009419
2015-10-16,5036.52,0.019628,0.047443,0.037937,0.028431,0.018925,0.009419
2015-10-19,5036.66,0.019628,0.047443,0.037937,0.028431,0.018925,0.009419
2015-10-20,5114.45,0.019538,0.047443,0.037937,0.028431,0.018925,0.009419
2015-10-21,4875.25,0.021458,0.047443,0.037937,0.028431,0.018925,0.009419
2015-10-22,5009.16,0.020501,0.047443,0.037937,0.028431,0.018925,0.009419
2015-10-23,5118.84,0.019636,0.047443,0.037937,0.028431,0.018925,0.009419
2015-10-26,5151.29,0.019488,0.047443,0.037937,0.028431,0.018925,0.009419
2015-10-27,5174.62,0.019737,0.047443,0.037937,0.028431,0.018925,0.009419
2015-10-28,5065.55,0.020281,0.047443,0.037937,0.028431,0.018925,0.009419
2015-10-29,5096.52,0.018562,0.047443,0.037937,0.028431,0.018925,0.009419
2015-10-30,5090.64,0.018463,0.047443,0.037937,0.028431,0.018925,0.009419
2015-11-02,4989.7,0.019413,0.047443,0.037937,0.028431,0.018925,0.009419
2015-11-03,4978.49,0.019265,0.047443,0.037937,0.028431,0.018925,0.009419
2015-11-04,5221.36,0.016485,0.047443,0.037937,0.028431,0.018925,0.009419
2015-11-05,5274.37,0.016055,0.047443,0.037937,0.028431,0.018925,0.009419
2015-11-06,5401.92,0.014982,0.047443,0.037937,0.028431,0.018925,0.009419
2015-11-09,5481.53,0.013425,0.047443,0.037937,0.028431,0.018925,0.009419
2015-11-10,5498.48,0.013462,0.047443,0.037937,0.028431,0.018925,0.009419
2015-11-11,5551.08,0.013964,0.047443,0.037937,0.028431,0.018925,0.009419
2015-11-12,5533.36,0.01395,0.047443,0.037937,0.028431,0.018925,0.009419
2015-11-13,5445.36,0.01475,0.047443,0.037937,0.028431,0.018925,0.009419
2015-11-16,5526.14,0.014092,0.047443,0.037937,0.028431,0.018925,0.009419
2015-11-17,5497.87,0.014314,0.047443,0.037937,0.028431,0.018925,0.009419
2015-11-18,5419.63,0.014736,0.047443,0.037937,0.028431,0.018925,0.009419
2015-11-19,5542.25,0.013848,0.047443,0.037937,0.028431,0.018925,0.009419
2015-11-20,5592.71,0.013665,0.047443,0.037937,0.028431,0.018925,0.009419
2015-11-23,5554.99,0.013926,0.047443,0.037937,0.028431,0.018925,0.009419
2015-11-24,5587.51,0.013922,0.047443,0.037937,0.028431,0.018925,0.009419
2015-11-25,5668.74,0.013545,0.047443,0.037937,0.028431,0.018925,0.009419
2015-11-26,5636.34,0.014154,0.047443,0.037937,0.028431,0.018925,0.009419
2015-11-27,5306.07,0.016646,0.047443,0.037937,0.028431,0.018925,0.009419
2015-11-30,5330.91,0.016623,0.047443,0.037937,0.028431,0.018925,0.009419
2015-12-01,5346.76,0.016459,0.047443,0.037937,0.028431,0.018925,0.009419
2015-12-02,5402.59,0.015749,0.047443,0.037937,0.028431,0.018925,0.009419
2015-12-03,5497.22,0.015114,0.047443,0.037937,0.028431,0.018925,0.009419
2015-12-04,5439.65,0.015735,0.047443,0.037937,0.028431,0.018925,0.009419
2015-12-07,5489.17,0.015464,0.047443,0.037937,0.028431,0.018925,0.009419
2015-12-08,5385.93,0.016605,0.047443,0.037937,0.028431,0.018925,0.009419
2015-12-09,5384.63,0.016562,0.047443,0.037937,0.028431,0.018925,0.009419
2015-12-10,5371.41,0.016691,0.047443,0.037937,0.028431,0.018925,0.009419
2015-12-11,5335.84,0.017073,0.047443,0.037937,0.028431,0.018925,0.009419
2015-12-14,5456.51,0.01445,0.047443,0.037937,0.028431,0.018925,0.009419
2015-12-15,5484.63,0.014449,0.047443,0.037937,0.028431,0.018925,0.009419
2015-12-16,5503.52,0.014489,0.047443,0.037937,0.028431,0.018925,0.009419
2015-12-17,5635.12,0.013667,0.047443,0.037937,0.028431,0.018925,0.009419
2015-12-18,5633.02,0.014159,0.047443,0.037937,0.028431,0.018925,0.009419
2015-12-21,5722.03,0.014103,0.047443,0.037937,0.028431,0.018925,0.009419
2015-12-22,5760.29,0.0141,0.047443,0.037937,0.028431,0.018925,0.009419
2015-12-23,5711.29,0.014472,0.047443,0.037937,0.028431,0.018925,0.009419
2015-12-24,5685.59,0.015167,0.047443,0.037937,0.028431,0.018925,0.009419
2015-12-25,5716.56,0.014848,0.047443,0.037937,0.028431,0.018925,0.009419
2015-12-28,5576.04,0.015997,0.047443,0.037937,0.028431,0.018925,0.009419
2015-12-29,5631.47,0.015366,0.047443,0.037937,0.028431,0.018925,0.009419
2015-12-30,5670.35,0.014871,0.047443,0.037937,0.028431,0.018925,0.009419
2015-12-31,5592.64,0.015475,0.047443,0.037937,0.028431,0.018925,0.009419
2016-01-04,5156.02,0.018369,0.047443,0.037937,0.028431,0.018925,0.009419
2016-01-05,5101.97,0.018549,0.047443,0.037937,0.028431,0.018925,0.009419
2016-01-06,5219.81,0.017499,0.047443,0.037937,0.028431,0.018925,0.009419
2016-01-07,4809.71,0.02152,0.047443,0.037937,0.028431,0.018925,0.009419
2016-01-08,4874.65,0.020834,0.047443,0.037937,0.028431,0.018925,0.009419
2016-01-11,4571.97,0.024005,0.047443,0.037937,0.028431,0.018925,0.009419
2016-01-12,4583.36,0.024114,0.047443,0.037937,0.028431,0.018925,0.009419
2016-01-13,4446.67,0.026257,0.047443,0.037937,0.028431,0.018925,0.009419
2016-01-14,4578.46,0.024621,0.047443,0.037937,0.028431,0.018925,0.009419
2016-01-15,4420.99,0.026447,0.047443,0.037937,0.028431,0.018925,0.009419
2016-01-18,4478.99,0.025601,0.047443,0.037937,0.028431,0.018925,0.009419
2016-01-19,4634.16,0.023719,0.047443,0.037937,0.028431,0.018925,0.009419
2016-01-20,4583.39,0.024132,0.047443,0.037937,0.028431,0.018925,0.009419
2016-01-21,4414.23,0.026135,0.047443,0.037937,0.028431,0.018925,0.009419
2016-01-22,4474.63,0.025644,0.047443,0.037937,0.028431,0.018925,0.009419
2016-01-25,4514.42,0.024352,0.047443,0.037937,0.028431,0.018925,0.009419
2016-01-26,4204.88,0.028036,0.047443,0.037937,0.028431,0.018925,0.009419
2016-01-27,4169.19,0.027992,0.047443,0.037937,0.028431,0.018925,0.009419
2016-01-28,4013.12,0.030006,0.047443,0.037937,0.028431,0.018925,0.009419
2016-01-29,4154.91,0.028657,0.047443,0.037937,0.028431,0.018925,0.009419
2016-02-01,4097.08,0.029516,0.047443,0.037937,0.028431,0.018925,0.009419
2016-02-02,4218.69,0.027645,0.047443,0.037937,0.028431,0.018925,0.009419
2016-02-03,4224.52,0.027609,0.047443,0.037937,0.028431,0.018925,0.009419
2016-02-04,4299.54,0.026998,0.047443,0.037937,0.028431,0.018925,0.009419
2016-02-05,4261.11,0.027565,0.047443,0.037937,0.028431,0.018925,0.009419
2016-02-15,4252.9,0.027886,0.047443,0.037937,0.028431,0.018925,0.009419
2016-02-16,4412.03,0.025959,0.047443,0.037937,0.028431,0.018925,0.009419
2016-02-17,4465.17,0.025318,0.047443,0.037937,0.028431,0.018925,0.009419
2016-02-18,4453.4,0.025433,0.047443,0.037937,0.028431,0.018925,0.009419
2016-02-19,4466.16,0.025475,0.047443,0.037937,0.028431,0.018925,0.009419
2016-02-22,4561.69,0.024217,0.047443,0.037937,0.028431,0.018925,0.009419
2016-02-23,4528.74,0.024535,0.047443,0.037937,0.028431,0.018925,0.009419
2016-02-24,4550.35,0.024085,0.047443,0.037937,0.028431,0.018925,0.009419
2016-02-25,4227.46,0.027777,0.047443,0.037937,0.028431,0.018925,0.009419
2016-02-26,4241.59,0.027559,0.047443,0.037937,0.028431,0.018925,0.009419
2016-02-29,4056.61,0.029788,0.047443,0.037937,0.028431,0.018925,0.009419
2016-03-01,4140.27,0.028753,0.047443,0.037937,0.028431,0.018925,0.009419
2016-03-02,4330.47,0.026097,0.047443,0.037937,0.028431,0.018925,0.009419
2016-03-03,4341,0.025777,0.047443,0.037937,0.028431,0.018925,0.009419
2016-03-04,4280.62,0.026109,0.047443,0.037937,0.028431,0.018925,0.009419
2016-03-07,4343.78,0.02518,0.047443,0.037937,0.028431,0.018925,0.009419
2016-03-08,4361.63,0.024933,0.047443,0.037937,0.028431,0.018925,0.009419
2016-03-09,4283.77,0.0263,0.047443,0.037937,0.028431,0.018925,0.009419
2016-03-10,4207.43,0.027491,0.047443,0.037937,0.028431,0.018925,0.009419
2016-03-11,4203.89,0.027628,0.047443,0.037937,0.028431,0.018925,0.009419
2016-03-14,4317.67,0.026396,0.047443,0.037937,0.028431,0.018925,0.009419
2016-03-15,4303.37,0.026556,0.047443,0.037937,0.028431,0.018925,0.009419
2016-03-16,4287.42,0.026977,0.047443,0.037937,0.028431,0.018925,0.009419
2016-03-17,4392.54,0.026012,0.047443,0.037937,0.028431,0.018925,0.009419
2016-03-18,4514.16,0.024806,0.047443,0.037937,0.028431,0.018925,0.009419
2016-03-21,4631.23,0.023528,0.047443,0.037937,0.028431,0.018925,0.009419
2016-03-22,4610.2,0.023743,0.047443,0.037937,0.028431,0.018925,0.009419
2016-03-23,4643.03,0.023155,0.047443,0.037937,0.028431,0.018925,0.009419
2016-03-24,4570.48,0.023824,0.047443,0.037937,0.028431,0.018925,0.009419
2016-03-25,4600.65,0.023501,0.047443,0.037937,0.028431,0.018925,0.009419
2016-03-28,4568.76,0.023399,0.047443,0.037937,0.028431,0.018925,0.009419
2016-03-29,4496.18,0.024648,0.047443,0.037937,0.028431,0.018925,0.009419
2016-03-30,4641.47,0.022793,0.047443,0.037937,0.028431,0.018925,0.009419
2016-03-31,4650.49,0.022715,0.047443,0.037937,0.028431,0.018925,0.009419
2016-04-01,4639.56,0.022767,0.047443,0.037937,0.028431,0.018925,0.009419
2016-04-05,4738.23,0.021646,0.047443,0.037937,0.028431,0.018925,0.009419
2016-04-06,4749.75,0.021521,0.047443,0.037937,0.028431,0.018925,0.009419
2016-04-07,4677.99,0.021937,0.047443,0.037937,0.028431,0.018925,0.009419
2016-04-08,4640.2,0.022076,0.047443,0.037937,0.028431,0.018925,0.009419
2016-04-11,4725.53,0.021275,0.047443,0.037937,0.028431,0.018925,0.009419
2016-04-12,4698.08,0.021529,0.047443,0.037937,0.028431,0.018925,0.009419
2016-04-13,4763.06,0.020577,0.047443,0.037937,0.028431,0.018925,0.009419
2016-04-14,4802.24,0.020158,0.047443,0.037937,0.028431,0.018925,0.009419
2016-04-15,4799.42,0.020381,0.047443,0.037937,0.028431,0.018925,0.009419
2016-04-18,4732.4,0.021274,0.047443,0.037937,0.028431,0.018925,0.009419
2016-04-19,4748.91,0.021024,0.047443,0.037937,0.028431,0.018925,0.009419
2016-04-20,4585.19,0.02232,0.047443,0.037937,0.028431,0.018925,0.009419
2016-04-21,4541.68,0.022875,0.047443,0.037937,0.028431,0.018925,0.009419
2016-04-22,4573.18,0.022426,0.047443,0.037937,0.028431,0.018925,0.009419
2016-04-25,4552.14,0.022703,0.047443,0.037937,0.028431,0.018925,0.009419
2016-04-26,4595.4,0.022472,0.047443,0.037937,0.028431,0.018925,0.009419
2016-04-27,4579.56,0.022678,0.047443,0.037937,0.028431,0.018925,0.009419
2016-04-28,4568.66,0.022166,0.047443,0.037937,0.028431,0.018925,0.009419
2016-04-29,4564.67,0.022088,0.047443,0.037937,0.028431,0.018925,0.009419
2016-05-03,4677.33,0.020998,0.047443,0.037937,0.028431,0.018925,0.009419
2016-05-04,4676.39,0.020924,0.047443,0.037937,0.028431,0.018925,0.009419
2016-05-05,4696.78,0.020701,0.047443,0.037937,0.028431,0.018925,0.009419
2016-05-06,4537.64,0.022223,0.047443,0.037937,0.028431,0.018925,0.009419
2016-05-09,4391.48,0.02393,0.047443,0.037937,0.028431,0.018925,0.009419
2016-05-10,4387.49,0.023731,0.047443,0.037937,0.028431,0.018925,0.009419
2016-05-11,4377.84,0.023687,0.047443,0.037937,0.028431,0.018925,0.009419
2016-05-12,4378.54,0.023786,0.047443,0.037937,0.028431,0.018925,0.009419
2016-05-13,4363.05,0.023826,0.047443,0.037937,0.028431,0.018925,0.009419
2016-05-16,4420.87,0.023047,0.047443,0.037937,0.028431,0.018925,0.009419
2016-05-17,4411.97,0.023102,0.047443,0.037937,0.028431,0.018925,0.009419
2016-05-18,4325.8,0.023666,0.047443,0.037937,0.028431,0.018925,0.009419
2016-05-19,4337.45,0.023553,0.047443,0.037937,0.028431,0.018925,0.009419
2016-05-20,4374.19,0.023233,0.047443,0.037937,0.028431,0.018925,0.009419
2016-05-23,4418.14,0.022667,0.047443,0.037937,0.028431,0.018925,0.009419
2016-05-24,4377.67,0.023277,0.047443,0.037937,0.028431,0.018925,0.009419
2016-05-25,4366.37,0.023388,0.047443,0.037937,0.028431,0.018925,0.009419
2016-05-26,4381.21,0.023222,0.047443,0.037937,0.028431,0.018925,0.009419
2016-05-27,4378.09,0.02315,0.047443,0.037937,0.028431,0.018925,0.009419
2016-05-30,4368.69,0.022908,0.047443,0.037937,0.028431,0.018925,0.009419
2016-05-31,4532.85,0.021044,0.047443,0.037937,0.028431,0.018925,0.009419
2016-06-01,4545.76,0.020842,0.047443,0.037937,0.028431,0.018925,0.009419
2016-06-02,4574.87,0.020461,0.047443,0.037937,0.028431,0.018925,0.009419
2016-06-03,4597.34,0.020134,0.047443,0.037937,0.028431,0.018925,0.009419
2016-06-06,4599.42,0.020282,0.047443,0.037937,0.028431,0.018925,0.009419
2016-06-07,4601.11,0.020133,0.047443,0.037937,0.028431,0.018925,0.009419
2016-06-08,4587.39,0.020259,0.047443,0.037937,0.028431,0.018925,0.009419
2016-06-13,4401.32,0.022959,0.047443,0.037937,0.028431,0.018925,0.009419
2016-06-14,4416.46,0.023062,0.047443,0.037937,0.028431,0.018925,0.009419
2016-06-15,4526.74,0.022102,0.047443,0.037937,0.028431,0.018925,0.009419
2016-06-16,4512.46,0.022388,0.047443,0.037937,0.028431,0.018925,0.009419
2016-06-17,4538.5,0.022221,0.047443,0.037937,0.028431,0.018925,0.009419
2016-06-20,4548.53,0.021989,0.047443,0.037937,0.028431,0.018925,0.009419
2016-06-21,4515.17,0.02238,0.047443,0.037937,0.028431,0.018925,0.009419
2016-06-22,4575.46,0.021873,0.047443,0.037937,0.028431,0.018925,0.009419
2016-06-23,4554.49,0.022056,0.047443,0.037937,0.028431,0.018925,0.009419
2016-06-24,4505.96,0.023138,0.047443,0.037937,0.028431,0.018925,0.009419
2016-06-27,4595.1,0.022736,0.047443,0.037937,0.028431,0.018925,0.009419
2016-06-28,4632.58,0.022026,0.047443,0.037937,0.028431,0.018925,0.009419
2016-06-29,4648.8,0.021848,0.047443,0.037937,0.028431,0.018925,0.009419
2016-06-30,4650.62,0.022072,0.047443,0.037937,0.028431,0.018925,0.009419
2016-07-01,4644.61,0.022495,0.047443,0.037937,0.028431,0.018925,0.009419
2016-07-04,4725.52,0.021347,0.047443,0.037937,0.028431,0.018925,0.009419
2016-07-05,4740.63,0.020977,0.047443,0.037937,0.028431,0.018925,0.009419
2016-07-06,4759.22,0.020882,0.047443,0.037937,0.028431,0.018925,0.009419
2016-07-07,4759.86,0.02118,0.047443,0.037937,0.028431,0.018925,0.009419
2016-07-08,4741.75,0.021596,0.047443,0.037937,0.028431,0.018925,0.009419
2016-07-11,4738.82,0.021298,0.047443,0.037937,0.028431,0.018925,0.009419
2016-07-12,4808.27,0.020403,0.047443,0.037937,0.028431,0.018925,0.009419
2016-07-13,4835.9,0.020021,0.047443,0.037937,0.028431,0.018925,0.009419
2016-07-14,4836.23,0.020167,0.047443,0.037937,0.028431,0.018925,0.009419
2016-07-15,4824.85,0.020314,0.047443,0.037937,0.028431,0.018925,0.009419
2016-07-18,4803.76,0.020479,0.047443,0.037937,0.028431,0.018925,0.009419
2016-07-19,4808.13,0.020602,0.047443,0.037937,0.028431,0.018925,0.009419
2016-07-20,4801.61,0.020919,0.047443,0.037937,0.028431,0.018925,0.009419
2016-07-21,4816.65,0.020952,0.047443,0.037937,0.028431,0.018925,0.009419
2016-07-22,4775.5,0.021282,0.047443,0.037937,0.028431,0.018925,0.009419
2016-07-25,4781.75,0.020987,0.047443,0.037937,0.028431,0.018925,0.009419
2016-07-26,4840.17,0.02064,0.047443,0.037937,0.028431,0.018925,0.009419
2016-07-27,4683.8,0.021917,0.047443,0.037937,0.028431,0.018925,0.009419
2016-07-28,4682.34,0.022041,0.047443,0.037937,0.028431,0.018925,0.009419
2016-07-29,4652.71,0.022416,0.047443,0.037937,0.028431,0.018925,0.009419
2016-08-01,4595.01,0.022898,0.047443,0.037937,0.028431,0.018925,0.009419
2016-08-02,4627.03,0.022567,0.047443,0.037937,0.028431,0.018925,0.009419
2016-08-03,4641.88,0.022566,0.047443,0.037937,0.028431,0.018925,0.009419
2016-08-04,4665.23,0.02239,0.047443,0.037937,0.028431,0.018925,0.009419
2016-08-05,4653.34,0.022689,0.047443,0.037937,0.028431,0.018925,0.009419
2016-08-08,4702.57,0.022241,0.047443,0.037937,0.028431,0.018925,0.009419
2016-08-09,4743.89,0.022247,0.047443,0.037937,0.028431,0.018925,0.009419
2016-08-10,4727.33,0.022493,0.047443,0.037937,0.028431,0.018925,0.009419
2016-08-11,4680.32,0.022987,0.047443,0.037937,0.028431,0.018925,0.009419
2016-08-12,4745.21,0.022476,0.047443,0.037937,0.028431,0.018925,0.009419
2016-08-15,4866.18,0.021597,0.047443,0.037937,0.028431,0.018925,0.009419
2016-08-16,4875.12,0.021391,0.047443,0.037937,0.028431,0.018925,0.009419
2016-08-17,4881.81,0.021261,0.047443,0.037937,0.028431,0.018925,0.009419
2016-08-18,4876.93,0.021476,0.047443,0.037937,0.028431,0.018925,0.009419
2016-08-19,4882.43,0.021115,0.047443,0.037937,0.028431,0.018925,0.009419
2016-08-22,4831.48,0.02164,0.047443,0.037937,0.028431,0.018925,0.009419
2016-08-23,4839.36,0.021172,0.047443,0.037937,0.028431,0.018925,0.009419
2016-08-24,4839.62,0.020979,0.047443,0.037937,0.028431,0.018925,0.009419
2016-08-25,4808,0.021009,0.047443,0.037937,0.028431,0.018925,0.009419
2016-08-26,4817.57,0.021123,0.047443,0.037937,0.028431,0.018925,0.009419
2016-08-29,4824.8,0.020266,0.047443,0.037937,0.028431,0.018925,0.009419
2016-08-30,4827.81,0.019802,0.047443,0.037937,0.028431,0.018925,0.009419
2016-08-31,4840,0.019746,0.047443,0.037937,0.028431,0.018925,0.009419
2016-09-01,4803.14,0.019959,0.047443,0.037937,0.028431,0.018925,0.009419
2016-09-02,4799.62,0.019981,0.047443,0.037937,0.028431,0.018925,0.009419
2016-09-05,4817.08,0.019825,0.047443,0.037937,0.028431,0.018925,0.009419
2016-09-06,4873.57,0.019327,0.047443,0.037937,0.028431,0.018925,0.009419
2016-09-07,4873.11,0.01903,0.047443,0.037937,0.028431,0.018925,0.009419
2016-09-08,4883.98,0.01902,0.047443,0.037937,0.028431,0.018925,0.009419
2016-09-09,4852.07,0.019382,0.047443,0.037937,0.028431,0.018925,0.009419
2016-09-12,4735.62,0.020221,0.047443,0.037937,0.028431,0.018925,0.009419
2016-09-13,4753.9,0.020305,0.047443,0.037937,0.028431,0.018925,0.009419
2016-09-14,4726.5,0.020704,0.047443,0.037937,0.028431,0.018925,0.009419
2016-09-19,4772.18,0.02029,0.047443,0.037937,0.028431,0.018925,0.009419
2016-09-20,4768.62,0.020511,0.047443,0.037937,0.028431,0.018925,0.009419
2016-09-21,4779.21,0.02032,0.047443,0.037937,0.028431,0.018925,0.009419
2016-09-22,4810.08,0.020026,0.047443,0.037937,0.028431,0.018925,0.009419
2016-09-23,4790.9,0.020383,0.047443,0.037937,0.028431,0.018925,0.009419
2016-09-26,4699.25,0.021242,0.047443,0.037937,0.028431,0.018925,0.009419
2016-09-27,4730.5,0.021016,0.047443,0.037937,0.028431,0.018925,0.009419
2016-09-28,4720.99,0.021032,0.047443,0.037937,0.028431,0.018925,0.009419
2016-09-29,4738.01,0.020748,0.047443,0.037937,0.028431,0.018925,0.009419
2016-09-30,4757.4,0.020588,0.047443,0.037937,0.028431,0.018925,0.009419
2016-10-10,4837.64,0.020419,0.047443,0.037937,0.028431,0.018925,0.009419
2016-10-11,4864.44,0.0201,0.047443,0.037937,0.028431,0.018925,0.009419
2016-10-12,4862.15,0.019824,0.047443,0.037937,0.028431,0.018925,0.009419
2016-10-13,4868.11,0.019879,0.047443,0.037937,0.028431,0.018925,0.009419
2016-10-14,4865.17,0.019879,0.047443,0.037937,0.028431,0.018925,0.009419
2016-10-17,4822.99,0.020354,0.047443,0.037937,0.028431,0.018925,0.009419
2016-10-18,4892.03,0.019661,0.047443,0.037937,0.028431,0.018925,0.009419
2016-10-19,4886.2,0.020003,0.047443,0.037937,0.028431,0.018925,0.009419
2016-10-20,4895.33,0.02018,0.047443,0.037937,0.028431,0.018925,0.009419
2016-10-21,4887.91,0.020201,0.047443,0.037937,0.028431,0.018925,0.009419
2016-10-24,4935.44,0.019886,0.047443,0.037937,0.028431,0.018925,0.009419
2016-10-25,4947.8,0.019566,0.047443,0.037937,0.028431,0.018925,0.009419
2016-10-26,4928.15,0.019615,0.047443,0.037937,0.028431,0.018925,0.009419
2016-10-27,4920.99,0.020401,0.047443,0.037937,0.028431,0.018925,0.009419
2016-10-28,4890.55,0.021092,0.047443,0.037937,0.028431,0.018925,0.009419
2016-10-31,4887.24,0.020973,0.047443,0.037937,0.028431,0.018925,0.009419
2016-11-01,4931.76,0.02058,0.047443,0.037937,0.028431,0.018925,0.009419
2016-11-02,4897.74,0.020903,0.047443,0.037937,0.028431,0.018925,0.009419
2016-11-03,4934.25,0.020656,0.047443,0.037937,0.028431,0.018925,0.009419
2016-11-04,4919.62,0.020771,0.047443,0.037937,0.028431,0.018925,0.009419
2016-11-07,4923.66,0.020503,0.047443,0.037937,0.028431,0.018925,0.009419
2016-11-08,4949.3,0.020153,0.047443,0.037937,0.028431,0.018925,0.009419
2016-11-09,4918.45,0.020374,0.047443,0.037937,0.028431,0.018925,0.009419
2016-11-10,4980.24,0.019584,0.047443,0.037937,0.028431,0.018925,0.009419
2016-11-11,5012.47,0.018975,0.047443,0.037937,0.028431,0.018925,0.009419
2016-11-14,5030.26,0.01838,0.047443,0.037937,0.028431,0.018925,0.009419
2016-11-15,5044.48,0.018392,0.047443,0.037937,0.028431,0.018925,0.009419
2016-11-16,5047.23,0.018172,0.047443,0.037937,0.028431,0.018925,0.009419
2016-11-17,5044.14,0.017798,0.047443,0.037937,0.028431,0.018925,0.009419
2016-11-18,5022.16,0.018193,0.047443,0.037937,0.028431,0.018925,0.009419
2016-11-21,5044.9,0.017887,0.047443,0.037937,0.028431,0.018925,0.009419
2016-11-22,5086.51,0.017675,0.047443,0.037937,0.028431,0.018925,0.009419
2016-11-23,5074.33,0.01798,0.047443,0.037937,0.028431,0.018925,0.009419
2016-11-24,5069.83,0.018023,0.047443,0.037937,0.028431,0.018925,0.009419
2016-11-25,5096.93,0.017547,0.047443,0.037937,0.028431,0.018925,0.009419
2016-11-28,5107.02,0.017618,0.047443,0.037937,0.028431,0.018925,0.009419
2016-11-29,5094.99,0.017243,0.047443,0.037937,0.028431,0.018925,0.009419
2016-11-30,5068.87,0.01697,0.047443,0.037937,0.028431,0.018925,0.009419
2016-12-01,5100.05,0.016298,0.047443,0.037937,0.028431,0.018925,0.009419
2016-12-02,5030.27,0.016768,0.047443,0.037937,0.028431,0.018925,0.009419
2016-12-05,4977.03,0.016854,0.047443,0.037937,0.028431,0.018925,0.009419
2016-12-06,4977.17,0.01601,0.047443,0.037937,0.028431,0.018925,0.009419
2016-12-07,5018.43,0.015977,0.047443,0.037937,0.028431,0.018925,0.009419
2016-12-08,5000.31,0.016229,0.047443,0.037937,0.028431,0.018925,0.009419
2016-12-09,5006.61,0.015955,0.047443,0.037937,0.028431,0.018925,0.009419
2016-12-12,4818.29,0.016183,0.047443,0.037937,0.028431,0.018925,0.009419
2016-12-13,4829.24,0.015744,0.047443,0.037937,0.028431,0.018925,0.009419
2016-12-14,4798.5,0.01572,0.047443,0.037937,0.028431,0.018925,0.009419
2016-12-15,4799.28,0.014821,0.047443,0.037937,0.028431,0.018925,0.009419
2016-12-16,4827.35,0.015107,0.047443,0.037937,0.028431,0.018925,0.009419
2016-12-19,4815.73,0.014707,0.047443,0.037937,0.028431,0.018925,0.009419
2016-12-20,4799.13,0.014497,0.047443,0.037937,0.028431,0.018925,0.009419
2016-12-21,4838.25,0.014904,0.047443,0.037937,0.028431,0.018925,0.009419
2016-12-22,4834.8,0.015789,0.047443,0.037937,0.028431,0.018925,0.009419
2016-12-23,4786.61,0.016273,0.047443,0.037937,0.028431,0.018925,0.009419
2016-12-26,4806.21,0.016265,0.047443,0.037937,0.028431,0.018925,0.009419
2016-12-27,4806.41,0.016288,0.047443,0.037937,0.028431,0.018925,0.009419
2016-12-28,4788.62,0.016819,0.047443,0.037937,0.028431,0.018925,0.009419
2016-12-29,4777.3,0.017601,0.047443,0.037937,0.028431,0.018925,0.009419
2016-12-30,4786.98,0.017905,0.047443,0.037937,0.028431,0.018925,0.009419
2017-01-03,4831.69,0.016465,0.047443,0.037937,0.028431,0.018925,0.009419
2017-01-04,4879.99,0.015353,0.047443,0.037937,0.028431,0.018925,0.009419
2017-01-05,4881.35,0.014992,0.047443,0.037937,0.028431,0.018925,0.009419
2017-01-06,4850.94,0.015289,0.047443,0.037937,0.028431,0.018925,0.009419
2017-01-09,4875.43,0.015386,0.047443,0.037937,0.028431,0.018925,0.009419
2017-01-10,4861.77,0.015398,0.047443,0.037937,0.028431,0.018925,0.009419
2017-01-11,4818.12,0.015458,0.047443,0.037937,0.028431,0.018925,0.009419
2017-01-12,4782.32,0.015925,0.047443,0.037937,0.028431,0.018925,0.009419
2017-01-13,4741.08,0.016122,0.047443,0.037937,0.028431,0.018925,0.009419
2017-01-16,4645.33,0.016304,0.047443,0.037937,0.028431,0.018925,0.009419
2017-01-17,4675.6,0.015849,0.047443,0.037937,0.028431,0.018925,0.009419
2017-01-18,4675.03,0.015826,0.047443,0.037937,0.028431,0.018925,0.009419
2017-01-19,4656.82,0.016088,0.047443,0.037937,0.028431,0.018925,0.009419
2017-01-20,4711.31,0.015843,0.047443,0.037937,0.028431,0.018925,0.009419
2017-01-23,4741.02,0.015433,0.047443,0.037937,0.028431,0.018925,0.009419
2017-01-24,4732.9,0.014994,0.047443,0.037937,0.028431,0.018925,0.009419
2017-01-25,4746.12,0.014172,0.047443,0.037937,0.028431,0.018925,0.009419
2017-01-26,4770.43,0.013948,0.047443,0.037937,0.028431,0.018925,0.009419
2017-02-03,4748.21,0.01353,0.047443,0.037937,0.028431,0.018925,0.009419
2017-02-06,4780.5,0.012555,0.047443,0.037937,0.028431,0.018925,0.009419
2017-02-07,4778.28,0.012599,0.047443,0.037937,0.028431,0.018925,0.009419
2017-02-08,4806.69,0.012649,0.047443,0.037937,0.028431,0.018925,0.009419
2017-02-09,4835.26,0.012855,0.047443,0.037937,0.028431,0.018925,0.009419
2017-02-10,4842.3,0.012453,0.047443,0.037937,0.028431,0.018925,0.009419
2017-02-13,4872.11,0.012348,0.047443,0.037937,0.028431,0.018925,0.009419
2017-02-14,4870.58,0.012446,0.047443,0.037937,0.028431,0.018925,0.009419
2017-02-15,4836.76,0.012639,0.047443,0.037937,0.028431,0.018925,0.009419
2017-02-16,4867.22,0.012914,0.047443,0.037937,0.028431,0.018925,0.009419
2017-02-17,4831.84,0.013552,0.047443,0.037937,0.028431,0.018925,0.009419
2017-02-20,4888.1,0.013487,0.047443,0.037937,0.028431,0.018925,0.009419
2017-02-21,4918.36,0.013038,0.047443,0.037937,0.028431,0.018925,0.009419
2017-02-22,4935.19,0.013047,0.047443,0.037937,0.028431,0.018925,0.009419
2017-02-23,4923.3,0.013249,0.047443,0.037937,0.028431,0.018925,0.009419
2017-02-24,4930.06,0.013011,0.047443,0.037937,0.028431,0.018925,0.009419
2017-02-27,4891.91,0.013325,0.047443,0.037937,0.028431,0.018925,0.009419
2017-02-28,4906.27,0.013199,0.047443,0.037937,0.028431,0.018925,0.009419
2017-03-01,4917.19,0.012723,0.047443,0.037937,0.028431,0.018925,0.009419
2017-03-02,4885.97,0.0128,0.047443,0.037937,0.028431,0.018925,0.009419
2017-03-03,4888.78,0.012766,0.047443,0.037937,0.028431,0.018925,0.009419
2017-03-06,4929.8,0.012471,0.047443,0.037937,0.028431,0.018925,0.009419
2017-03-07,4940.14,0.012367,0.047443,0.037937,0.028431,0.018925,0.009419
2017-03-08,4926.43,0.011981,0.047443,0.037937,0.028431,0.018925,0.009419
2017-03-09,4892.83,0.01222,0.047443,0.037937,0.028431,0.018925,0.009419
2017-03-10,4894.77,0.01222,0.047443,0.037937,0.028431,0.018925,0.009419
2017-03-13,4933.24,0.012261,0.047443,0.037937,0.028431,0.018925,0.009419
2017-03-14,4927.2,0.012499,0.047443,0.037937,0.028431,0.018925,0.009419
2017-03-15,4928.46,0.012779,0.047443,0.037937,0.028431,0.018925,0.009419
2017-03-16,4966.28,0.012877,0.047443,0.037937,0.028431,0.018925,0.009419
2017-03-17,4923.53,0.013341,0.047443,0.037937,0.028431,0.018925,0.009419
2017-03-20,4934.95,0.013256,0.047443,0.037937,0.028431,0.018925,0.009419
2017-03-21,4950.67,0.013087,0.047443,0.037937,0.028431,0.018925,0.009419
2017-03-22,4927.75,0.013383,0.047443,0.037937,0.028431,0.018925,0.009419
2017-03-23,4936.26,0.013418,0.047443,0.037937,0.028431,0.018925,0.009419
2017-03-24,4962.37,0.013655,0.047443,0.037937,0.028431,0.018925,0.009419
2017-03-27,4946.99,0.014187,0.047443,0.037937,0.028431,0.018925,0.009419
2017-03-28,4934.17,0.014131,0.047443,0.037937,0.028431,0.018925,0.009419
2017-03-29,4915.45,0.014272,0.047443,0.037937,0.028431,0.018925,0.009419
2017-03-30,4844.46,0.014649,0.047443,0.037937,0.028431,0.018925,0.009419
2017-03-31,4863.51,0.014436,0.047443,0.037937,0.028431,0.018925,0.009419
2017-04-05,4949.59,0.013426,0.047443,0.037937,0.028431,0.018925,0.009419
2017-04-06,4965.08,0.013319,0.047443,0.037937,0.028431,0.018925,0.009419
2017-04-07,4970.4,0.013396,0.047443,0.037937,0.028431,0.018925,0.009419
2017-04-10,4942.59,0.013521,0.047443,0.037937,0.028431,0.018925,0.009419
2017-04-11,4972.47,0.013307,0.047443,0.037937,0.028431,0.018925,0.009419
2017-04-12,4944.72,0.013401,0.047443,0.037937,0.028431,0.018925,0.009419
2017-04-13,4958.74,0.013435,0.047443,0.037937,0.028431,0.018925,0.009419
2017-04-14,4901.23,0.013629,0.047443,0.037937,0.028431,0.018925,0.009419
2017-04-17,4858.68,0.01344,0.047443,0.037937,0.028431,0.018925,0.009419
2017-04-18,4824.73,0.013899,0.047443,0.037937,0.028431,0.018925,0.009419
2017-04-19,4780.79,0.014358,0.047443,0.037937,0.028431,0.018925,0.009419
2017-04-20,4780.83,0.014376,0.047443,0.037937,0.028431,0.018925,0.009419
2017-04-21,4768.25,0.014007,0.047443,0.037937,0.028431,0.018925,0.009419
2017-04-24,4671.02,0.01476,0.047443,0.037937,0.028431,0.018925,0.009419
2017-04-25,4686.41,0.015103,0.047443,0.037937,0.028431,0.018925,0.009419
2017-04-26,4696.71,0.015324,0.047443,0.037937,0.028431,0.018925,0.009419
2017-04-27,4709.19,0.016324,0.047443,0.037937,0.028431,0.018925,0.009419
2017-04-28,4718.13,0.016644,0.047443,0.037937,0.028431,0.018925,0.009419
2017-05-02,4713.02,0.016578,0.047443,0.037937,0.028431,0.018925,0.009419
2017-05-03,4698.04,0.016441,0.047443,0.037937,0.028431,0.018925,0.009419
2017-05-04,4684.75,0.016252,0.047443,0.037937,0.028431,0.018925,0.009419
2017-05-05,4637.68,0.01658,0.047443,0.037937,0.028431,0.018925,0.009419
2017-05-08,4573.67,0.016704,0.047443,0.037937,0.028431,0.018925,0.009419
2017-05-09,4585.07,0.016327,0.047443,0.037937,0.028431,0.018925,0.009419
2017-05-10,4528.31,0.016235,0.047443,0.037937,0.028431,0.018925,0.009419
2017-05-11,4526.13,0.01667,0.047443,0.037937,0.028431,0.018925,0.009419
2017-05-12,4540.47,0.016295,0.047443,0.037937,0.028431,0.018925,0.009419
2017-05-15,4557.81,0.016523,0.047443,0.037937,0.028431,0.018925,0.009419
2017-05-16,4626.38,0.015858,0.047443,0.037937,0.028431,0.018925,0.009419
2017-05-17,4622.53,0.015867,0.047443,0.037937,0.028431,0.018925,0.009419
2017-05-18,4597.1,0.016278,0.047443,0.037937,0.028431,0.018925,0.009419
2017-05-19,4599.61,0.016055,0.047443,0.037937,0.028431,0.018925,0.009419
2017-05-22,4562.41,0.016033,0.047443,0.037937,0.028431,0.018925,0.009419
2017-05-23,4505.6,0.016293,0.047443,0.037937,0.028431,0.018925,0.009419
2017-05-24,4517.7,0.01628,0.047443,0.037937,0.028431,0.018925,0.009419
2017-05-25,4574.75,0.015751,0.047443,0.037937,0.028431,0.018925,0.009419
2017-05-26,4569.97,0.015751,0.047443,0.037937,0.028431,0.018925,0.009419
2017-05-31,4572.15,0.016063,0.047443,0.037937,0.028431,0.018925,0.009419
2017-06-01,4519.04,0.016343,0.047443,0.037937,0.028431,0.018925,0.009419
2017-06-02,4536.55,0.016137,0.047443,0.037937,0.028431,0.018925,0.009419
2017-06-05,4545.59,0.016343,0.047443,0.037937,0.028431,0.018925,0.009419
2017-06-06,4570.62,0.016001,0.047443,0.037937,0.028431,0.018925,0.009419
2017-06-07,4644.84,0.015185,0.047443,0.037937,0.028431,0.018925,0.009419
2017-06-08,4662.67,0.01493,0.047443,0.037937,0.028431,0.018925,0.009419
2017-06-09,4674.94,0.014996,0.047443,0.037937,0.028431,0.018925,0.009419
2017-06-12,4641.12,0.015878,0.047443,0.037937,0.028431,0.018925,0.009419
2017-06-13,4679.13,0.015538,0.047443,0.037937,0.028431,0.018925,0.009419
2017-06-14,4649.45,0.016218,0.047443,0.037937,0.028431,0.018925,0.009419
2017-06-15,4672.08,0.015917,0.047443,0.037937,0.028431,0.018925,0.009419
2017-06-16,4661.43,0.01595,0.047443,0.037937,0.028431,0.018925,0.009419
2017-06-19,4698.6,0.016297,0.047443,0.037937,0.028431,0.018925,0.009419
2017-06-20,4697.38,0.016421,0.047443,0.037937,0.028431,0.018925,0.009419
2017-06-21,4725.04,0.015671,0.047443,0.037937,0.028431,0.018925,0.009419
2017-06-22,4685.72,0.015734,0.047443,0.037937,0.028431,0.018925,0.009419
2017-06-23,4708.62,0.015625,0.047443,0.037937,0.028431,0.018925,0.009419
2017-06-26,4768.79,0.015507,0.047443,0.037937,0.028431,0.018925,0.009419
2017-06-27,4776.66,0.015431,0.047443,0.037937,0.028431,0.018925,0.009419
2017-06-28,4743.92,0.015539,0.047443,0.037937,0.028431,0.018925,0.009419
2017-06-29,4768.11,0.015089,0.047443,0.037937,0.028431,0.018925,0.009419
2017-06-30,4772.14,0.014868,0.047443,0.037937,0.028431,0.018925,0.009419
2017-07-03,4781.39,0.014524,0.047443,0.037937,0.028431,0.018925,0.009419
2017-07-04,4755.13,0.014726,0.047443,0.037937,0.028431,0.018925,0.009419
2017-07-05,4798.55,0.014544,0.047443,0.037937,0.028431,0.018925,0.009419
2017-07-06,4802.65,0.014592,0.047443,0.037937,0.028431,0.018925,0.009419
2017-07-07,4808.63,0.014346,0.047443,0.037937,0.028431,0.018925,0.009419
2017-07-10,4794.94,0.014446,0.047443,0.037937,0.028431,0.018925,0.009419
2017-07-11,4774.45,0.014694,0.047443,0.037937,0.028431,0.018925,0.009419
2017-07-12,4765.29,0.014868,0.047443,0.037937,0.028431,0.018925,0.009419
2017-07-13,4784.51,0.01474,0.047443,0.037937,0.028431,0.018925,0.009419
2017-07-14,4781.47,0.014765,0.047443,0.037937,0.028431,0.018925,0.009419
2017-07-17,4637.95,0.015812,0.047443,0.037937,0.028431,0.018925,0.009419
2017-07-18,4662.57,0.015362,0.047443,0.037937,0.028431,0.018925,0.009419
2017-07-19,4738.17,0.014672,0.047443,0.037937,0.028431,0.018925,0.009419
2017-07-20,4762.31,0.014667,0.047443,0.037937,0.028431,0.018925,0.009419
2017-07-21,4754.61,0.014669,0.047443,0.037937,0.028431,0.018925,0.009419
2017-07-24,4778.46,0.014444,0.047443,0.037937,0.028431,0.018925,0.009419
2017-07-25,4758.42,0.014421,0.047443,0.037937,0.028431,0.018925,0.009419
2017-07-26,4749.99,0.014102,0.047443,0.037937,0.028431,0.018925,0.009419
2017-07-27,4780.15,0.014124,0.047443,0.037937,0.028431,0.018925,0.009419
2017-07-28,4790.23,0.01405,0.047443,0.037937,0.028431,0.018925,0.009419
2017-07-31,4823,0.01356,0.047443,0.037937,0.028431,0.018925,0.009419
2017-08-01,4843.14,0.013171,0.047443,0.037937,0.028431,0.018925,0.009419
2017-08-02,4818.7,0.013414,0.047443,0.037937,0.028431,0.018925,0.009419
2017-08-03,4807.26,0.01356,0.047443,0.037937,0.028431,0.018925,0.009419
2017-08-04,4782.95,0.013757,0.047443,0.037937,0.028431,0.018925,0.009419
2017-08-07,4817.34,0.013218,0.047443,0.037937,0.028431,0.018925,0.009419
2017-08-08,4826.82,0.013194,0.047443,0.037937,0.028431,0.018925,0.009419
2017-08-09,4836.05,0.013169,0.047443,0.037937,0.028431,0.018925,0.009419
2017-08-10,4806.04,0.013634,0.047443,0.037937,0.028431,0.018925,0.009419
2017-08-11,4720.92,0.014606,0.047443,0.037937,0.028431,0.018925,0.009419
2017-08-14,4798.02,0.014272,0.047443,0.037937,0.028431,0.018925,0.009419
2017-08-15,4814.08,0.014123,0.047443,0.037937,0.028431,0.018925,0.009419
2017-08-16,4819.96,0.013903,0.047443,0.037937,0.028431,0.018925,0.009419
2017-08-17,4852.56,0.01383,0.047443,0.037937,0.028431,0.018925,0.009419
2017-08-18,4845.86,0.013854,0.047443,0.037937,0.028431,0.018925,0.009419
2017-08-21,4875.81,0.013463,0.047443,0.037937,0.028431,0.018925,0.009419
2017-08-22,4869,0.013512,0.047443,0.037937,0.028431,0.018925,0.009419
2017-08-23,4854.16,0.013658,0.047443,0.037937,0.028431,0.018925,0.009419
2017-08-24,4824.6,0.013856,0.047443,0.037937,0.028431,0.018925,0.009419
2017-08-25,4887.11,0.013244,0.047443,0.037937,0.028431,0.018925,0.009419
2017-08-28,4944.07,0.012808,0.047443,0.037937,0.028431,0.018925,0.009419
2017-08-29,4934.65,0.013172,0.047443,0.037937,0.028431,0.018925,0.009419
2017-08-30,4946.83,0.013609,0.047443,0.037937,0.028431,0.018925,0.009419
2017-08-31,4947.92,0.013683,0.047443,0.037937,0.028431,0.018925,0.009419
2017-09-01,4972.25,0.013511,0.047443,0.037937,0.028431,0.018925,0.009419
2017-09-04,4996.98,0.013146,0.047443,0.037937,0.028431,0.018925,0.009419
2017-09-05,5005.27,0.012951,0.047443,0.037937,0.028431,0.018925,0.009419
2017-09-06,5014.38,0.012903,0.047443,0.037937,0.028431,0.018925,0.009419
2017-09-07,4989.18,0.013536,0.047443,0.037937,0.028431,0.018925,0.009419
2017-09-08,4993.19,0.013707,0.047443,0.037937,0.028431,0.018925,0.009419
2017-09-11,5018.19,0.013318,0.047443,0.037937,0.028431,0.018925,0.009419
2017-09-12,5020.05,0.013294,0.047443,0.037937,0.028431,0.018925,0.009419
2017-09-13,5035.3,0.013002,0.047443,0.037937,0.028431,0.018925,0.009419
2017-09-14,5023.95,0.013562,0.047443,0.037937,0.028431,0.018925,0.009419
2017-09-15,5010.15,0.013756,0.047443,0.037937,0.028431,0.018925,0.009419
2017-09-18,5036.71,0.013366,0.047443,0.037937,0.028431,0.018925,0.009419
2017-09-19,5018.54,0.013463,0.047443,0.037937,0.028431,0.018925,0.009419
2017-09-20,5046.25,0.013246,0.047443,0.037937,0.028431,0.018925,0.009419
2017-09-21,5014.24,0.013317,0.047443,0.037937,0.028431,0.018925,0.009419
2017-09-22,5001.32,0.013487,0.047443,0.037937,0.028431,0.018925,0.009419
2017-09-25,4953.99,0.013976,0.047443,0.037937,0.028431,0.018925,0.009419
2017-09-26,4962.04,0.013732,0.047443,0.037937,0.028431,0.018925,0.009419
2017-09-27,4983.23,0.013609,0.047443,0.037937,0.028431,0.018925,0.009419
2017-09-28,4973.82,0.013805,0.047443,0.037937,0.028431,0.018925,0.009419
2017-09-29,5002.55,0.013585,0.047443,0.037937,0.028431,0.018925,0.009419
2017-10-09,5060.32,0.012761,0.047443,0.037937,0.028431,0.018925,0.009419
2017-10-10,5082.46,0.012571,0.047443,0.037937,0.028431,0.018925,0.009419
2017-10-11,5080.57,0.012523,0.047443,0.037937,0.028431,0.018925,0.009419
2017-10-12,5081.27,0.012254,0.047443,0.037937,0.028431,0.018925,0.009419
2017-10-13,5100.55,0.012257,0.047443,0.037937,0.028431,0.018925,0.009419
2017-10-16,5049.98,0.012175,0.047443,0.037937,0.028431,0.018925,0.009419
2017-10-17,5049.98,0.011954,0.047443,0.037937,0.028431,0.018925,0.009419
2017-10-18,5044.09,0.011858,0.047443,0.037937,0.028431,0.018925,0.009419
2017-10-19,5010.82,0.012293,0.047443,0.037937,0.028431,0.018925,0.009419
2017-10-20,5036.93,0.012173,0.047443,0.037937,0.028431,0.018925,0.009419
2017-10-23,5054.9,0.012101,0.047443,0.037937,0.028431,0.018925,0.009419
2017-10-24,5061.88,0.012077,0.047443,0.037937,0.028431,0.018925,0.009419
2017-10-25,5089.7,0.011421,0.047443,0.037937,0.028431,0.018925,0.009419
2017-10-26,5109.78,0.011588,0.047443,0.037937,0.028431,0.018925,0.009419
2017-10-27,5109.68,0.01151,0.047443,0.037937,0.028431,0.018925,0.009419
2017-10-30,5045.26,0.011749,0.047443,0.037937,0.028431,0.018925,0.009419
2017-10-31,5062.09,0.012508,0.047443,0.037937,0.028431,0.018925,0.009419
2017-11-01,5055.37,0.012826,0.047443,0.037937,0.028431,0.018925,0.009419
2017-11-02,5026.97,0.012963,0.047443,0.037937,0.028431,0.018925,0.009419
2017-11-03,5003.17,0.013076,0.047443,0.037937,0.028431,0.018925,0.009419
2017-11-06,5047.01,0.012859,0.047443,0.037937,0.028431,0.018925,0.009419
2017-11-07,5081.41,0.012424,0.047443,0.037937,0.028431,0.018925,0.009419
2017-11-08,5083.47,0.012496,0.047443,0.037937,0.028431,0.018925,0.009419
2017-11-09,5116.79,0.012071,0.047443,0.037937,0.028431,0.018925,0.009419
2017-11-10,5145.69,0.011846,0.047443,0.037937,0.028431,0.018925,0.009419
2017-11-13,5159.42,0.011183,0.047443,0.037937,0.028431,0.018925,0.009419
2017-11-14,5122.52,0.011512,0.047443,0.037937,0.028431,0.018925,0.009419
2017-11-15,5082.26,0.011923,0.047443,0.037937,0.028431,0.018925,0.009419
2017-11-16,5100.84,0.012138,0.047443,0.037937,0.028431,0.018925,0.009419
2017-11-17,5026.99,0.012581,0.047443,0.037937,0.028431,0.018925,0.009419
2017-11-20,5055.08,0.012098,0.047443,0.037937,0.028431,0.018925,0.009419
2017-11-21,5102.29,0.01164,0.047443,0.037937,0.028431,0.018925,0.009419
2017-11-22,5105.44,0.011047,0.047443,0.037937,0.028431,0.018925,0.009419
2017-11-23,4970.2,0.01227,0.047443,0.037937,0.028431,0.018925,0.009419
2017-11-24,4973.51,0.012659,0.047443,0.037937,0.028431,0.018925,0.009419
2017-11-27,4912.66,0.013253,0.047443,0.037937,0.028431,0.018925,0.009419
2017-11-28,4952.68,0.012884,0.047443,0.037937,0.028431,0.018925,0.009419
2017-11-29,4957.89,0.01329,0.047443,0.037937,0.028431,0.018925,0.009419
2017-11-30,4913.7,0.013866,0.047443,0.037937,0.028431,0.018925,0.009419
2017-12-01,4929.92,0.013784,0.047443,0.037937,0.028431,0.018925,0.009419
2017-12-04,4921.59,0.013866,0.047443,0.037937,0.028431,0.018925,0.009419
2017-12-05,4874.02,0.01421,0.047443,0.037937,0.028431,0.018925,0.009419
2017-12-06,4878.73,0.014266,0.047443,0.037937,0.028431,0.018925,0.009419
2017-12-07,4845.48,0.01453,0.047443,0.037937,0.028431,0.018925,0.009419
2017-12-08,4889.23,0.013973,0.047443,0.037937,0.028431,0.018925,0.009419
2017-12-11,4956.48,0.012431,0.047443,0.037937,0.028431,0.018925,0.009419
2017-12-12,4902.42,0.012864,0.047443,0.037937,0.028431,0.018925,0.009419
2017-12-13,4939.44,0.012589,0.047443,0.037937,0.028431,0.018925,0.009419
2017-12-14,4927.61,0.012943,0.047443,0.037937,0.028431,0.018925,0.009419
2017-12-15,4889.44,0.013485,0.047443,0.037937,0.028431,0.018925,0.009419
2017-12-18,4876.23,0.013566,0.047443,0.037937,0.028431,0.018925,0.009419
2017-12-19,4922.09,0.01296,0.047443,0.037937,0.028431,0.018925,0.009419
2017-12-20,4896.19,0.013173,0.047443,0.037937,0.028431,0.018925,0.009419
2017-12-21,4926.17,0.012908,0.047443,0.037937,0.028431,0.018925,0.009419
2017-12-22,4915.8,0.013155,0.047443,0.037937,0.028431,0.018925,0.009419
2017-12-25,4878.31,0.013519,0.047443,0.037937,0.028431,0.018925,0.009419
2017-12-26,4899.36,0.012979,0.047443,0.037937,0.028431,0.018925,0.009419
2017-12-27,4848.96,0.013334,0.047443,0.037937,0.028431,0.018925,0.009419
2017-12-28,4873.34,0.013138,0.047443,0.037937,0.028431,0.018925,0.009419
2017-12-29,4898.9,0.012944,0.047443,0.037937,0.028431,0.018925,0.009419
2018-01-02,4959.1,0.012152,0.047443,0.037937,0.028431,0.018925,0.009419
2018-01-03,4995.41,0.011652,0.047443,0.037937,0.028431,0.018925,0.009419
2018-01-04,5013.85,0.011378,0.047443,0.037937,0.028431,0.018925,0.009419
2018-01-05,5020.49,0.011375,0.047443,0.037937,0.028431,0.018925,0.009419
2018-01-08,5038.76,0.011322,0.047443,0.037937,0.028431,0.018925,0.009419
2018-01-09,5054.53,0.011417,0.047443,0.037937,0.028431,0.018925,0.009419
2018-01-10,5049.2,0.011051,0.047443,0.037937,0.028431,0.018925,0.009419
2018-01-11,5058.45,0.010661,0.047443,0.037937,0.028431,0.018925,0.009419
2018-01-12,5057.91,0.01083,0.047443,0.037937,0.028431,0.018925,0.009419
2018-01-15,4996.06,0.010813,0.047443,0.037937,0.028431,0.018925,0.009419
2018-01-16,5030.06,0.010563,0.047443,0.037937,0.028431,0.018925,0.009419
2018-01-17,5016,0.010514,0.047443,0.037937,0.028431,0.018925,0.009419
2018-01-18,5035.34,0.009906,0.047443,0.037937,0.028431,0.018925,0.009419
2018-01-19,5036.99,0.009786,0.047443,0.037937,0.028431,0.018925,0.009419
2018-01-22,5091,0.009743,0.047443,0.037937,0.028431,0.018925,0.009419
2018-01-23,5121.19,0.009232,0.047443,0.037937,0.028431,0.018925,0.009419
2018-01-24,5139.49,0.008997,0.047443,0.037937,0.028431,0.018925,0.009419
2018-01-25,5120.39,0.009278,0.047443,0.037937,0.028431,0.018925,0.009419
2018-01-26,5126.61,0.009163,0.047443,0.037937,0.028431,0.018925,0.009419
2018-01-29,5048.67,0.009745,0.047443,0.037937,0.028431,0.018925,0.009419
2018-01-30,5017.21,0.010247,0.047443,0.037937,0.028431,0.018925,0.009419
2018-01-31,4974.35,0.010707,0.047443,0.037937,0.028431,0.018925,0.009419
2018-02-01,4864.46,0.011422,0.047443,0.037937,0.028431,0.018925,0.009419
2018-02-02,4874.81,0.011247,0.047443,0.037937,0.028431,0.018925,0.009419
2018-02-05,4868.81,0.010952,0.047443,0.037937,0.028431,0.018925,0.009419
2018-02-06,4680.83,0.013155,0.047443,0.037937,0.028431,0.018925,0.009419
2018-02-07,4627.1,0.014143,0.047443,0.037937,0.028431,0.018925,0.009419
2018-02-08,4629.54,0.01446,0.047443,0.037937,0.028431,0.018925,0.009419
2018-02-09,4457.46,0.016459,0.047443,0.037937,0.028431,0.018925,0.009419
2018-02-12,4540.01,0.015776,0.047443,0.037937,0.028431,0.018925,0.009419
2018-02-13,4574.79,0.015408,0.047443,0.037937,0.028431,0.018925,0.009419
2018-02-14,4600.61,0.015122,0.047443,0.037937,0.028431,0.018925,0.009419
2018-02-22,4692.03,0.013936,0.047443,0.037937,0.028431,0.018925,0.009419
2018-02-23,4709.73,0.013816,0.047443,0.037937,0.028431,0.018925,0.009419
2018-02-26,4787.2,0.013316,0.047443,0.037937,0.028431,0.018925,0.009419
2018-02-27,4752.89,0.014115,0.047443,0.037937,0.028431,0.018925,0.009419
2018-02-28,4739.07,0.014115,0.047443,0.037937,0.028431,0.018925,0.009419
2018-03-01,4782.65,0.013768,0.047443,0.037937,0.028431,0.018925,0.009419
2018-03-02,4751.94,0.013893,0.047443,0.037937,0.028431,0.018925,0.009419
2018-03-05,4761.9,0.013715,0.047443,0.037937,0.028431,0.018925,0.009419
2018-03-06,4816.92,0.013406,0.047443,0.037937,0.028431,0.018925,0.009419
2018-03-07,4781.96,0.013768,0.047443,0.037937,0.028431,0.018925,0.009419
2018-03-08,4822.68,0.013477,0.047443,0.037937,0.028431,0.018925,0.009419
2018-03-09,4876.46,0.012912,0.047443,0.037937,0.028431,0.018925,0.009419
2018-03-12,4923.43,0.012651,0.047443,0.037937,0.028431,0.018925,0.009419
2018-03-13,4889.92,0.012763,0.047443,0.037937,0.028431,0.018925,0.009419
2018-03-14,4854,0.013073,0.047443,0.037937,0.028431,0.018925,0.009419
2018-03-15,4860.07,0.013197,0.047443,0.037937,0.028431,0.018925,0.009419
2018-03-16,4828.5,0.013768,0.047443,0.037937,0.028431,0.018925,0.009419
2018-03-19,4843.59,0.013733,0.047443,0.037937,0.028431,0.018925,0.009419
2018-03-20,4851.73,0.013849,0.047443,0.037937,0.028431,0.018925,0.009419
2018-03-21,4825,0.014648,0.047443,0.037937,0.028431,0.018925,0.009419
2018-03-22,4796.1,0.015015,0.047443,0.037937,0.028431,0.018925,0.009419
2018-03-23,4604.9,0.01748,0.047443,0.037937,0.028431,0.018925,0.009419
2018-03-26,4627.56,0.017392,0.047443,0.037937,0.028431,0.018925,0.009419
2018-03-27,4703.1,0.016854,0.047443,0.037937,0.028431,0.018925,0.009419
2018-03-28,4643.25,0.01777,0.047443,0.037937,0.028431,0.018925,0.009419
2018-03-29,4693.3,0.017107,0.047443,0.037937,0.028431,0.018925,0.009419
2018-03-30,4731.03,0.017058,0.047443,0.037937,0.028431,0.018925,0.009419
2018-04-02,4732.83,0.017294,0.047443,0.037937,0.028431,0.018925,0.009419
2018-04-03,4695.69,0.017642,0.047443,0.037937,0.028431,0.018925,0.009419
2018-04-04,4676.61,0.018178,0.047443,0.037937,0.028431,0.018925,0.009419
2018-04-09,4677.97,0.018313,0.047443,0.037937,0.028431,0.018925,0.009419
2018-04-10,4728.03,0.01746,0.047443,0.037937,0.028431,0.018925,0.009419
2018-04-11,4747.47,0.017294,0.047443,0.037937,0.028431,0.018925,0.009419
2018-04-12,4711.48,0.017766,0.047443,0.037937,0.028431,0.018925,0.009419
2018-04-13,4688.62,0.018034,0.047443,0.037937,0.028431,0.018925,0.009419
2018-04-16,4643.92,0.019287,0.047443,0.037937,0.028431,0.018925,0.009419
2018-04-17,4558.22,0.020393,0.047443,0.037937,0.028431,0.018925,0.009419
2018-04-18,4598.06,0.021394,0.047443,0.037937,0.028431,0.018925,0.009419
2018-04-19,4634.66,0.020919,0.047443,0.037937,0.028431,0.018925,0.009419
2018-04-20,4556.71,0.021835,0.047443,0.037937,0.028431,0.018925,0.009419
2018-04-23,4537.2,0.02124,0.047443,0.037937,0.028431,0.018925,0.009419
2018-04-24,4632.4,0.020318,0.047443,0.037937,0.028431,0.018925,0.009419
2018-04-25,4630.34,0.02031,0.047443,0.037937,0.028431,0.018925,0.009419
2018-04-26,4543.78,0.02114,0.047443,0.037937,0.028431,0.018925,0.009419
2018-04-27,4548.42,0.02114,0.047443,0.037937,0.028431,0.018925,0.009419
2018-05-02,4546.12,0.021441,0.047443,0.037937,0.028431,0.018925,0.009419
2018-05-03,4584.6,0.021206,0.047443,0.037937,0.028431,0.018925,0.009419
2018-05-04,4571.4,0.021601,0.047443,0.037937,0.028431,0.018925,0.009419
2018-05-07,4647.06,0.020521,0.047443,0.037937,0.028431,0.018925,0.009419
2018-05-08,4685.09,0.01968,0.047443,0.037937,0.028431,0.018925,0.009419
2018-05-09,4679.34,0.019515,0.047443,0.037937,0.028431,0.018925,0.009419
2018-05-10,4701.33,0.01946,0.047443,0.037937,0.028431,0.018925,0.009419
2018-05-11,4666.5,0.019712,0.047443,0.037937,0.028431,0.018925,0.009419
2018-05-14,4675.59,0.019617,0.047443,0.037937,0.028431,0.018925,0.009419
2018-05-15,4707.89,0.018977,0.047443,0.037937,0.028431,0.018925,0.009419
2018-05-16,4681.09,0.019452,0.047443,0.037937,0.028431,0.018925,0.009419
2018-05-17,4653.77,0.01977,0.047443,0.037937,0.028431,0.018925,0.009419
2018-05-18,4685.9,0.019232,0.047443,0.037937,0.028431,0.018925,0.009419
2018-05-21,4726.07,0.019054,0.047443,0.037937,0.028431,0.018925,0.009419
2018-05-22,4727.24,0.019282,0.047443,0.037937,0.028431,0.018925,0.009419
2018-05-23,4670.02,0.020299,0.047443,0.037937,0.028431,0.018925,0.009419
2018-05-24,4646.79,0.020489,0.047443,0.037937,0.028431,0.018925,0.009419
2018-05-25,4614.47,0.021239,0.047443,0.037937,0.028431,0.018925,0.009419
2018-05-28,4609.74,0.021304,0.047443,0.037937,0.028431,0.018925,0.009419
2018-05-29,4572.15,0.021831,0.047443,0.037937,0.028431,0.018925,0.009419
2018-05-30,4454.46,0.023294,0.047443,0.037937,0.028431,0.018925,0.009419
2018-05-31,4533.67,0.022234,0.047443,0.037937,0.028431,0.018925,0.009419
2018-06-01,4488.92,0.022612,0.047443,0.037937,0.028431,0.018925,0.009419
2018-06-04,4505.85,0.022043,0.047443,0.037937,0.028431,0.018925,0.009419
2018-06-05,4564.62,0.021372,0.047443,0.037937,0.028431,0.018925,0.009419
2018-06-06,4562.44,0.021406,0.047443,0.037937,0.028431,0.018925,0.009419
2018-06-07,4542.53,0.021474,0.047443,0.037937,0.028431,0.018925,0.009419
2018-06-08,4486.63,0.022419,0.047443,0.037937,0.028431,0.018925,0.009419
2018-06-11,4468.84,0.023116,0.047443,0.037937,0.028431,0.018925,0.009419
2018-06-12,4515.12,0.022162,0.047443,0.037937,0.028431,0.018925,0.009419
2018-06-13,4457.36,0.023088,0.047443,0.037937,0.028431,0.018925,0.009419
2018-06-14,4439.19,0.02366,0.047443,0.037937,0.028431,0.018925,0.009419
2018-06-15,4380.66,0.024433,0.047443,0.037937,0.028431,0.018925,0.009419
2018-06-19,4161.51,0.027443,0.047443,0.037937,0.028431,0.018925,0.009419
2018-06-20,4192.05,0.026672,0.047443,0.037937,0.028431,0.018925,0.009419
2018-06-21,4120.4,0.027925,0.047443,0.037937,0.028431,0.018925,0.009419
2018-06-22,4157.46,0.027722,0.047443,0.037937,0.028431,0.018925,0.009419
2018-06-25,4118.83,0.028128,0.047443,0.037937,0.028431,0.018925,0.009419
2018-06-26,4117.62,0.028332,0.047443,0.037937,0.028431,0.018925,0.009419
2018-06-27,4059.23,0.029419,0.047443,0.037937,0.028431,0.018925,0.009419
2018-06-28,4016.75,0.030297,0.047443,0.037937,0.028431,0.018925,0.009419
2018-06-29,4127.95,0.029203,0.047443,0.037937,0.028431,0.018925,0.009419
2018-07-02,4039.64,0.030723,0.047443,0.037937,0.028431,0.018925,0.009419
2018-07-03,4064.37,0.030042,0.047443,0.037937,0.028431,0.018925,0.009419
2018-07-04,4002.47,0.030712,0.047443,0.037937,0.028431,0.018925,0.009419
2018-07-05,3936.3,0.031643,0.047443,0.037937,0.028431,0.018925,0.009419
2018-07-06,3956.62,0.031079,0.047443,0.037937,0.028431,0.018925,0.009419
2018-07-09,4054.38,0.029309,0.047443,0.037937,0.028431,0.018925,0.009419
2018-07-10,4073.25,0.029018,0.047443,0.037937,0.028431,0.018925,0.009419
2018-07-11,3994.52,0.030453,0.047443,0.037937,0.028431,0.018925,0.009419
2018-07-12,4089.32,0.028846,0.047443,0.037937,0.028431,0.018925,0.009419
2018-07-13,4105.06,0.029145,0.047443,0.037937,0.028431,0.018925,0.009419
2018-07-16,4092.13,0.029614,0.047443,0.037937,0.028431,0.018925,0.009419
2018-07-17,4081.08,0.029989,0.047443,0.037937,0.028431,0.018925,0.009419
2018-07-18,4058.65,0.030341,0.047443,0.037937,0.028431,0.018925,0.009419
2018-07-19,4036.14,0.031022,0.047443,0.037937,0.028431,0.018925,0.009419
2018-07-20,4096.52,0.02911,0.047443,0.037937,0.028431,0.018925,0.009419
2018-07-23,4130.12,0.0284,0.047443,0.037937,0.028431,0.018925,0.009419
2018-07-24,4196.1,0.027089,0.047443,0.037937,0.028431,0.018925,0.009419
2018-07-25,4196.99,0.027128,0.047443,0.037937,0.028431,0.018925,0.009419
2018-07-26,4164.49,0.027801,0.047443,0.037937,0.028431,0.018925,0.009419
2018-07-27,4144.36,0.028279,0.047443,0.037937,0.028431,0.018925,0.009419
2018-07-30,4112.02,0.02844,0.047443,0.037937,0.028431,0.018925,0.009419
2018-07-31,4114.43,0.028757,0.047443,0.037937,0.028431,0.018925,0.009419
2018-08-01,4041.44,0.030105,0.047443,0.037937,0.028431,0.018925,0.009419
2018-08-02,3950.32,0.031414,0.047443,0.037937,0.028431,0.018925,0.009419
2018-08-03,3892.88,0.032265,0.047443,0.037937,0.028431,0.018925,0.009419
2018-08-06,3828.14,0.033216,0.047443,0.037937,0.028431,0.018925,0.009419
2018-08-07,3933.12,0.031215,0.047443,0.037937,0.028431,0.018925,0.009419
2018-08-08,3871.35,0.031845,0.047443,0.037937,0.028431,0.018925,0.009419
2018-08-09,3963.8,0.030227,0.047443,0.037937,0.028431,0.018925,0.009419
2018-08-10,3979.61,0.030184,0.047443,0.037937,0.028431,0.018925,0.009419
2018-08-13,3978.56,0.030058,0.047443,0.037937,0.028431,0.018925,0.009419
2018-08-14,3962.88,0.030574,0.047443,0.037937,0.028431,0.018925,0.009419
2018-08-15,3876.46,0.031654,0.047443,0.037937,0.028431,0.018925,0.009419
2018-08-16,3846.75,0.031905,0.047443,0.037937,0.028431,0.018925,0.009419
2018-08-17,3785.01,0.032537,0.047443,0.037937,0.028431,0.018925,0.009419
2018-08-20,3814.7,0.032123,0.047443,0.037937,0.028431,0.018925,0.009419
2018-08-21,3870.75,0.031384,0.047443,0.037937,0.028431,0.018925,0.009419
2018-08-22,3838.79,0.032416,0.047443,0.037937,0.028431,0.018925,0.009419
2018-08-23,3856.65,0.032323,0.047443,0.037937,0.028431,0.018925,0.009419
2018-08-24,3854.99,0.031983,0.047443,0.037937,0.028431,0.018925,0.009419
2018-08-27,3942.6,0.03102,0.047443,0.037937,0.028431,0.018925,0.009419
2018-08-28,3941.59,0.031401,0.047443,0.037937,0.028431,0.018925,0.009419
2018-08-29,3922.18,0.031905,0.047443,0.037937,0.028431,0.018925,0.009419
2018-08-30,3871.94,0.033092,0.047443,0.037937,0.028431,0.018925,0.009419
2018-08-31,3842.14,0.033763,0.047443,0.037937,0.028431,0.018925,0.009419
2018-09-03,3836.32,0.03366,0.047443,0.037937,0.028431,0.018925,0.009419
2018-09-04,3881.62,0.032793,0.047443,0.037937,0.028431,0.018925,0.009419
2018-09-05,3814.91,0.033999,0.047443,0.037937,0.028431,0.018925,0.009419
2018-09-06,3786.49,0.034444,0.047443,0.037937,0.028431,0.018925,0.009419
2018-09-07,3798.58,0.034046,0.047443,0.037937,0.028431,0.018925,0.009419
2018-09-10,3736.5,0.034648,0.047443,0.037937,0.028431,0.018925,0.009419
2018-09-11,3734.41,0.03455,0.047443,0.037937,0.028431,0.018925,0.009419
2018-09-12,3719.21,0.035005,0.047443,0.037937,0.028431,0.018925,0.009419
2018-09-13,3752.72,0.034344,0.047443,0.037937,0.028431,0.018925,0.009419
2018-09-14,3737.7,0.034645,0.047443,0.037937,0.028431,0.018925,0.009419
2018-09-17,3688.77,0.035614,0.047443,0.037937,0.028431,0.018925,0.009419
2018-09-18,3757.59,0.034194,0.047443,0.037937,0.028431,0.018925,0.009419
2018-09-19,3803.23,0.033156,0.047443,0.037937,0.028431,0.018925,0.009419
2018-09-20,3797.69,0.032906,0.047443,0.037937,0.028431,0.018925,0.009419
2018-09-21,3880.92,0.031486,0.047443,0.037937,0.028431,0.018925,0.009419
2018-09-25,3858,0.031907,0.047443,0.037937,0.028431,0.018925,0.009419
2018-09-26,3888.69,0.031645,0.047443,0.037937,0.028431,0.018925,0.009419
2018-09-27,3854.2,0.032311,0.047443,0.037937,0.028431,0.018925,0.009419
2018-09-28,3890.83,0.031944,0.047443,0.037937,0.028431,0.018925,0.009419
2018-10-08,3743.3,0.034594,0.047443,0.037937,0.028431,0.018925,0.009419
2018-10-09,3742.43,0.034544,0.047443,0.037937,0.028431,0.018925,0.009419
2018-10-10,3739.3,0.034494,0.047443,0.037937,0.028431,0.018925,0.009419
2018-10-11,3519.58,0.038855,0.047443,0.037937,0.028431,0.018925,0.009419
2018-10-12,3536.76,0.038246,0.047443,0.037937,0.028431,0.018925,0.009419
2018-10-15,3485.71,0.039204,0.047443,0.037937,0.028431,0.018925,0.009419
2018-10-16,3434.87,0.040104,0.047443,0.037937,0.028431,0.018925,0.009419
2018-10-17,3457.7,0.039645,0.047443,0.037937,0.028431,0.018925,0.009419
2018-10-18,3365.19,0.042058,0.047443,0.037937,0.028431,0.018925,0.009419
2018-10-19,3454.34,0.039917,0.047443,0.037937,0.028431,0.018925,0.009419
2018-10-22,3603.84,0.036798,0.047443,0.037937,0.028431,0.018925,0.009419
2018-10-23,3534.33,0.038732,0.047443,0.037937,0.028431,0.018925,0.009419
2018-10-24,3536.82,0.038867,0.047443,0.037937,0.028431,0.018925,0.009419
2018-10-25,3531.77,0.039033,0.047443,0.037937,0.028431,0.018925,0.009419
2018-10-26,3523.35,0.038922,0.047443,0.037937,0.028431,0.018925,0.009419
2018-10-29,3441.13,0.040865,0.047443,0.037937,0.028431,0.018925,0.009419
2018-10-30,3476.46,0.040076,0.047443,0.037937,0.028431,0.018925,0.009419
2018-10-31,3527.42,0.039781,0.047443,0.037937,0.028431,0.018925,0.009419
2018-11-01,3550.3,0.039702,0.047443,0.037937,0.028431,0.018925,0.009419
2018-11-02,3666.59,0.03704,0.047443,0.037937,0.028431,0.018925,0.009419
2018-11-05,3659.79,0.037558,0.047443,0.037937,0.028431,0.018925,0.009419
2018-11-06,3647.73,0.037972,0.047443,0.037937,0.028431,0.018925,0.009419
2018-11-07,3629.49,0.038649,0.047443,0.037937,0.028431,0.018925,0.009419
2018-11-08,3617.04,0.038866,0.047443,0.037937,0.028431,0.018925,0.009419
2018-11-09,3584.88,0.039747,0.047443,0.037937,0.028431,0.018925,0.009419
2018-11-12,3654.32,0.038549,0.047443,0.037937,0.028431,0.018925,0.009419
2018-11-13,3706.82,0.037948,0.047443,0.037937,0.028431,0.018925,0.009419
2018-11-14,3685.26,0.038982,0.047443,0.037937,0.028431,0.018925,0.009419
2018-11-15,3737.16,0.03833,0.047443,0.037937,0.028431,0.018925,0.009419
2018-11-16,3763.27,0.038316,0.047443,0.037937,0.028431,0.018925,0.009419
2018-11-19,3790.92,0.03745,0.047443,0.037937,0.028431,0.018925,0.009419
2018-11-20,3695.87,0.039064,0.047443,0.037937,0.028431,0.018925,0.009419
2018-11-21,3712.11,0.038952,0.047443,0.037937,0.028431,0.018925,0.009419
2018-11-22,3705.26,0.03891,0.047443,0.037937,0.028431,0.018925,0.009419
2018-11-23,3589.67,0.040876,0.047443,0.037937,0.028431,0.018925,0.009419
2018-11-26,3584.88,0.040686,0.047443,0.037937,0.028431,0.018925,0.009419
2018-11-27,3593.6,0.040831,0.047443,0.037937,0.028431,0.018925,0.009419
2018-11-28,3638.57,0.0403,0.047443,0.037937,0.028431,0.018925,0.009419
2018-11-29,3574.19,0.041516,0.047443,0.037937,0.028431,0.018925,0.009419
2018-11-30,3606.1,0.040898,0.047443,0.037937,0.028431,0.018925,0.009419
2018-12-03,3713.23,0.039047,0.047443,0.037937,0.028431,0.018925,0.009419
2018-12-04,3730.49,0.039134,0.047443,0.037937,0.028431,0.018925,0.009419
2018-12-05,3709.25,0.039857,0.047443,0.037937,0.028431,0.018925,0.009419
2018-12-06,3634.91,0.041206,0.047443,0.037937,0.028431,0.018925,0.009419
2018-12-07,3634.57,0.041106,0.047443,0.037937,0.028431,0.018925,0.009419
2018-12-10,3592.66,0.042029,0.047443,0.037937,0.028431,0.018925,0.009419
2018-12-11,3615.98,0.041639,0.047443,0.037937,0.028431,0.018925,0.009419
2018-12-12,3622.32,0.041417,0.047443,0.037937,0.028431,0.018925,0.009419
2018-12-13,3667.96,0.039995,0.047443,0.037937,0.028431,0.018925,0.009419
2018-12-14,3592.52,0.041111,0.047443,0.037937,0.028431,0.018925,0.009419
2018-12-17,3587.44,0.04019,0.047443,0.037937,0.028431,0.018925,0.009419
2018-12-18,3558.05,0.040798,0.047443,0.037937,0.028431,0.018925,0.009419
2018-12-19,3513.79,0.041888,0.047443,0.037937,0.028431,0.018925,0.009419
2018-12-20,3507.11,0.042577,0.047443,0.037937,0.028431,0.018925,0.009419
2018-12-21,3472.69,0.04307,0.047443,0.037937,0.028431,0.018925,0.009419
2018-12-24,3493.41,0.042361,0.047443,0.037937,0.028431,0.018925,0.009419
2018-12-25,3462.99,0.043347,0.047443,0.037937,0.028431,0.018925,0.009419
2018-12-26,3449.18,0.043624,0.047443,0.037937,0.028431,0.018925,0.009419
2018-12-27,3418.06,0.044522,0.047443,0.037937,0.028431,0.018925,0.009419
2018-12-28,3432.38,0.044628,0.047443,0.037937,0.028431,0.018925,0.009419
2019-01-02,3399.4,0.04614,0.047443,0.037937,0.028431,0.018925,0.009419
2019-01-03,3387.13,0.046627,0.047443,0.037937,0.028431,0.018925,0.009419
2019-01-04,3470.28,0.044848,0.047443,0.037937,0.028431,0.018925,0.009419
2019-01-07,3515.17,0.044093,0.047443,0.037937,0.028431,0.018925,0.009419
2019-01-08,3508.52,0.044512,0.047443,0.037937,0.028431,0.018925,0.009419
2019-01-09,3531.77,0.044098,0.047443,0.037937,0.028431,0.018925,0.009419
2019-01-10,3524.88,0.044485,0.047443,0.037937,0.028431,0.018925,0.009419
2019-01-11,3551.33,0.043871,0.047443,0.037937,0.028431,0.018925,0.009419
2019-01-14,3526.09,0.044181,0.047443,0.037937,0.028431,0.018925,0.009419
2019-01-15,3581.5,0.043063,0.047443,0.037937,0.028431,0.018925,0.009419
2019-01-16,3578.34,0.043771,0.047443,0.037937,0.028431,0.018925,0.009419
2019-01-17,3552.92,0.044062,0.047443,0.037937,0.028431,0.018925,0.009419
2019-01-18,3598.43,0.043015,0.047443,0.037937,0.028431,0.018925,0.009419
2019-01-21,3618.47,0.042478,0.047443,0.037937,0.028431,0.018925,0.009419
2019-01-22,3573.47,0.043199,0.047443,0.037937,0.028431,0.018925,0.009419
2019-01-23,3575.29,0.043043,0.047443,0.037937,0.028431,0.018925,0.009419
2019-01-24,3594.08,0.042611,0.047443,0.037937,0.028431,0.018925,0.009419
2019-01-25,3598.6,0.042291,0.047443,0.037937,0.028431,0.018925,0.009419
2019-01-28,3587.45,0.042455,0.047443,0.037937,0.028431,0.018925,0.009419
2019-01-29,3565.38,0.042932,0.047443,0.037937,0.028431,0.018925,0.009419
2019-01-30,3527.59,0.043545,0.047443,0.037937,0.028431,0.018925,0.009419
2019-01-31,3523.62,0.043523,0.047443,0.037937,0.028431,0.018925,0.009419
2019-02-01,3596.02,0.042315,0.047443,0.037937,0.028431,0.018925,0.009419
2019-02-11,3676.88,0.041345,0.047443,0.037937,0.028431,0.018925,0.009419
2019-02-12,3712.63,0.040775,0.047443,0.037937,0.028431,0.018925,0.009419
2019-02-13,3782.01,0.039515,0.047443,0.037937,0.028431,0.018925,0.009419
2019-02-14,3793.5,0.039417,0.047443,0.037937,0.028431,0.018925,0.009419
2019-02-15,3752.47,0.040216,0.047443,0.037937,0.028431,0.018925,0.009419
2019-02-18,3877.19,0.037849,0.047443,0.037937,0.028431,0.018925,0.009419
2019-02-19,3880.09,0.0376,0.047443,0.037937,0.028431,0.018925,0.009419
2019-02-20,3890.48,0.037511,0.047443,0.037937,0.028431,0.018925,0.009419
2019-02-21,3880.61,0.037547,0.047443,0.037937,0.028431,0.018925,0.009419
2019-02-22,3968.88,0.036092,0.047443,0.037937,0.028431,0.018925,0.009419
2019-02-25,4190.94,0.032237,0.047443,0.037937,0.028431,0.018925,0.009419
2019-02-26,4163.03,0.032633,0.047443,0.037937,0.028431,0.018925,0.009419
2019-02-27,4153.49,0.032833,0.047443,0.037937,0.028431,0.018925,0.009419
2019-02-28,4153.51,0.032958,0.047443,0.037937,0.028431,0.018925,0.009419
2019-03-01,4215.7,0.031729,0.047443,0.037937,0.028431,0.018925,0.009419
2019-03-04,4283.16,0.03079,0.047443,0.037937,0.028431,0.018925,0.009419
2019-03-05,4355.33,0.029912,0.047443,0.037937,0.028431,0.018925,0.009419
2019-03-06,4418.61,0.029216,0.047443,0.037937,0.028431,0.018925,0.009419
2019-03-07,4429.1,0.029652,0.047443,0.037937,0.028431,0.018925,0.009419
2019-03-08,4249.73,0.032432,0.047443,0.037937,0.028431,0.018925,0.009419
2019-03-11,4378.61,0.030843,0.047443,0.037937,0.028431,0.018925,0.009419
2019-03-12,4439.95,0.030115,0.047443,0.037937,0.028431,0.018925,0.009419
2019-03-13,4371.19,0.031076,0.047443,0.037937,0.028431,0.018925,0.009419
2019-03-14,4293.6,0.031847,0.047443,0.037937,0.028431,0.018925,0.009419
2019-03-15,4351.43,0.031193,0.047443,0.037937,0.028431,0.018925,0.009419
2019-03-18,4466.55,0.029702,0.047443,0.037937,0.028431,0.018925,0.009419
2019-03-19,4465.18,0.029739,0.047443,0.037937,0.028431,0.018925,0.009419
2019-03-20,4463.55,0.029677,0.047443,0.037937,0.028431,0.018925,0.009419
2019-03-21,4491.14,0.029579,0.047443,0.037937,0.028431,0.018925,0.009419
2019-03-22,4499.54,0.029705,0.047443,0.037937,0.028431,0.018925,0.009419
2019-03-25,4424.29,0.030867,0.047443,0.037937,0.028431,0.018925,0.009419
2019-03-26,4338.56,0.03219,0.047443,0.037937,0.028431,0.018925,0.009419
2019-03-27,4379.49,0.031265,0.047443,0.037937,0.028431,0.018925,0.009419
2019-03-28,4340.16,0.032033,0.047443,0.037937,0.028431,0.018925,0.009419
2019-03-29,4487.72,0.029993,0.047443,0.037937,0.028431,0.018925,0.009419
2019-04-01,4630.37,0.027574,0.047443,0.037937,0.028431,0.018925,0.009419
2019-04-02,4640.31,0.027107,0.047443,0.037937,0.028431,0.018925,0.009419
2019-04-03,4693.09,0.025828,0.047443,0.037937,0.028431,0.018925,0.009419
2019-04-04,4727.67,0.024963,0.047443,0.037937,0.028431,0.018925,0.009419
2019-04-08,4715.08,0.025261,0.047443,0.037937,0.028431,0.018925,0.009419
2019-04-09,4732.12,0.024798,0.047443,0.037937,0.028431,0.018925,0.009419
2019-04-10,4735.92,0.024798,0.047443,0.037937,0.028431,0.018925,0.009419
2019-04-11,4639.4,0.025875,0.047443,0.037937,0.028431,0.018925,0.009419
2019-04-12,4632.01,0.025482,0.047443,0.037937,0.028431,0.018925,0.009419
2019-04-15,4603.32,0.025327,0.047443,0.037937,0.028431,0.018925,0.009419
2019-04-16,4713.15,0.023609,0.047443,0.037937,0.028431,0.018925,0.009419
2019-04-17,4733.72,0.023217,0.047443,0.037937,0.028431,0.018925,0.009419
2019-04-18,4711.32,0.02384,0.047443,0.037937,0.028431,0.018925,0.009419
2019-04-19,4756.54,0.02335,0.047443,0.037937,0.028431,0.018925,0.009419
2019-04-22,4674.15,0.023875,0.047443,0.037937,0.028431,0.018925,0.009419
2019-04-23,4630.58,0.024141,0.047443,0.037937,0.028431,0.018925,0.009419
2019-04-24,4661.45,0.023543,0.047443,0.037937,0.028431,0.018925,0.009419
2019-04-25,4518.36,0.0249,0.047443,0.037937,0.028431,0.018925,0.009419
2019-04-26,4460.68,0.025029,0.047443,0.037937,0.028431,0.018925,0.009419
2019-04-29,4393.83,0.024767,0.047443,0.037937,0.028431,0.018925,0.009419
2019-04-30,4422.49,0.023708,0.047443,0.037937,0.028431,0.018925,0.009419
2019-05-06,4127.65,0.027622,0.047443,0.037937,0.028431,0.018925,0.009419
2019-05-07,4175.4,0.02703,0.047443,0.037937,0.028431,0.018925,0.009419
2019-05-08,4135.55,0.027859,0.047443,0.037937,0.028431,0.018925,0.009419
2019-05-09,4076.63,0.029031,0.047443,0.037937,0.028431,0.018925,0.009419
2019-05-10,4226.02,0.027154,0.047443,0.037937,0.028431,0.018925,0.009419
2019-05-13,4173.6,0.028109,0.047443,0.037937,0.028431,0.018925,0.009419
2019-05-14,4144.96,0.028356,0.047443,0.037937,0.028431,0.018925,0.009419
2019-05-15,4238.46,0.027245,0.047443,0.037937,0.028431,0.018925,0.009419
2019-05-16,4261.68,0.027058,0.047443,0.037937,0.028431,0.018925,0.009419
2019-05-17,4134.63,0.028593,0.047443,0.037937,0.028431,0.018925,0.009419
2019-05-20,4108.35,0.028819,0.047443,0.037937,0.028431,0.018925,0.009419
2019-05-21,4173.08,0.0277,0.047443,0.037937,0.028431,0.018925,0.009419
2019-05-22,4152.65,0.027697,0.047443,0.037937,0.028431,0.018925,0.009419
2019-05-23,4068.81,0.028877,0.047443,0.037937,0.028431,0.018925,0.009419
2019-05-24,4056.54,0.028992,0.047443,0.037937,0.028431,0.018925,0.009419
2019-05-27,4136.65,0.02761,0.047443,0.037937,0.028431,0.018925,0.009419
2019-05-28,4159.75,0.027674,0.047443,0.037937,0.028431,0.018925,0.009419
2019-05-29,4159.97,0.027836,0.047443,0.037937,0.028431,0.018925,0.009419
2019-05-30,4133.99,0.028195,0.047443,0.037937,0.028431,0.018925,0.009419
2019-05-31,4123.51,0.028344,0.047443,0.037937,0.028431,0.018925,0.009419
2019-06-03,4097.77,0.029042,0.047443,0.037937,0.028431,0.018925,0.009419
2019-06-04,4048.27,0.029951,0.047443,0.037937,0.028431,0.018925,0.009419
2019-06-05,4046.66,0.029912,0.047443,0.037937,0.028431,0.018925,0.009419
2019-06-06,3980.94,0.030769,0.047443,0.037937,0.028431,0.018925,0.009419
2019-06-10,4029.53,0.029944,0.047443,0.037937,0.028431,0.018925,0.009419
2019-06-11,4163.95,0.027852,0.047443,0.037937,0.028431,0.018925,0.009419
2019-06-12,4137.2,0.02832,0.047443,0.037937,0.028431,0.018925,0.009419
2019-06-13,4144.82,0.028345,0.047443,0.037937,0.028431,0.018925,0.009419
2019-06-14,4086.13,0.029293,0.047443,0.037937,0.028431,0.018925,0.009419
2019-06-17,4086.04,0.030255,0.047443,0.037937,0.028431,0.018925,0.009419
2019-06-18,4091.93,0.030177,0.047443,0.037937,0.028431,0.018925,0.009419
2019-06-19,4146.93,0.029383,0.047443,0.037937,0.028431,0.018925,0.009419
2019-06-20,4246.83,0.028005,0.047443,0.037937,0.028431,0.018925,0.009419
2019-06-21,4282.07,0.027706,0.047443,0.037937,0.028431,0.018925,0.009419
2019-06-24,4286.14,0.027436,0.047443,0.037937,0.028431,0.018925,0.009419
2019-06-25,4242.5,0.028114,0.047443,0.037937,0.028431,0.018925,0.009419
2019-06-26,4235.8,0.028051,0.047443,0.037937,0.028431,0.018925,0.009419
2019-06-27,4275.8,0.027444,0.047443,0.037937,0.028431,0.018925,0.009419
2019-06-28,4244.08,0.028141,0.047443,0.037937,0.028431,0.018925,0.009419
2019-07-01,4367.71,0.026648,0.047443,0.037937,0.028431,0.018925,0.009419
2019-07-02,4366.22,0.027245,0.047443,0.037937,0.028431,0.018925,0.009419
2019-07-03,4320.96,0.027869,0.047443,0.037937,0.028431,0.018925,0.009419
2019-07-04,4300.96,0.028217,0.047443,0.037937,0.028431,0.018925,0.009419
2019-07-05,4319.95,0.02784,0.047443,0.037937,0.028431,0.018925,0.009419
2019-07-08,4198.24,0.029303,0.047443,0.037937,0.028431,0.018925,0.009419
2019-07-09,4198.81,0.02944,0.047443,0.037937,0.028431,0.018925,0.009419
2019-07-10,4180.3,0.029816,0.047443,0.037937,0.028431,0.018925,0.009419
2019-07-11,4178.88,0.029778,0.047443,0.037937,0.028431,0.018925,0.009419
2019-07-12,4198.08,0.029677,0.047443,0.037937,0.028431,0.018925,0.009419
2019-07-15,4228.49,0.029043,0.047443,0.037937,0.028431,0.018925,0.009419
2019-07-16,4222.12,0.02918,0.047443,0.037937,0.028431,0.018925,0.009419
2019-07-17,4221.56,0.029154,0.047443,0.037937,0.028431,0.018925,0.009419
2019-07-18,4165.07,0.030067,0.047443,0.037937,0.028431,0.018925,0.009419
2019-07-19,4199.32,0.029577,0.047443,0.037937,0.028431,0.018925,0.009419
2019-07-22,4133.45,0.030473,0.047443,0.037937,0.028431,0.018925,0.009419
2019-07-23,4159.73,0.030129,0.047443,0.037937,0.028431,0.018925,0.009419
2019-07-24,4199.82,0.029365,0.047443,0.037937,0.028431,0.018925,0.009419
2019-07-25,4224.53,0.029169,0.047443,0.037937,0.028431,0.018925,0.009419
2019-07-26,4231.39,0.028995,0.047443,0.037937,0.028431,0.018925,0.009419
2019-07-29,4228.46,0.028969,0.047443,0.037937,0.028431,0.018925,0.009419
2019-07-30,4247.25,0.028712,0.047443,0.037937,0.028431,0.018925,0.009419
2019-07-31,4214.72,0.029317,0.047443,0.037937,0.028431,0.018925,0.009419
2019-08-01,4186.13,0.029865,0.047443,0.037937,0.028431,0.018925,0.009419
2019-08-02,4124.28,0.031381,0.047443,0.037937,0.028431,0.018925,0.009419
2019-08-05,4059.75,0.032668,0.047443,0.037937,0.028431,0.018925,0.009419
2019-08-06,3988.35,0.033686,0.047443,0.037937,0.028431,0.018925,0.009419
2019-08-07,3972.81,0.034036,0.047443,0.037937,0.028431,0.018925,0.009419
2019-08-08,4013.87,0.033416,0.047443,0.037937,0.028431,0.018925,0.009419
2019-08-09,3971.53,0.034295,0.047443,0.037937,0.028431,0.018925,0.009419
2019-08-12,4042.23,0.03311,0.047443,0.037937,0.028431,0.018925,0.009419
2019-08-13,4012.56,0.034041,0.047443,0.037937,0.028431,0.018925,0.009419
2019-08-14,4033.88,0.033613,0.047443,0.037937,0.028431,0.018925,0.009419
2019-08-15,4049.17,0.033451,0.047443,0.037937,0.028431,0.018925,0.009419
2019-08-16,4068.25,0.033432,0.047443,0.037937,0.028431,0.018925,0.009419
2019-08-19,4174.7,0.032082,0.047443,0.037937,0.028431,0.018925,0.009419
2019-08-20,4175.61,0.031982,0.047443,0.037937,0.028431,0.018925,0.009419
2019-08-21,4174.08,0.031759,0.047443,0.037937,0.028431,0.018925,0.009419
2019-08-22,4187.5,0.031743,0.047443,0.037937,0.028431,0.018925,0.009419
2019-08-23,4201.72,0.031527,0.047443,0.037937,0.028431,0.018925,0.009419
2019-08-26,4156.74,0.032568,0.047443,0.037937,0.028431,0.018925,0.009419
2019-08-27,4221.43,0.031704,0.047443,0.037937,0.028431,0.018925,0.009419
2019-08-28,4210.11,0.031898,0.047443,0.037937,0.028431,0.018925,0.009419
2019-08-29,4204.13,0.032255,0.047443,0.037937,0.028431,0.018925,0.009419
2019-08-30,4184.78,0.03219,0.047443,0.037937,0.028431,0.018925,0.009419
2019-09-02,4261.57,0.031196,0.047443,0.037937,0.028431,0.018925,0.009419
2019-09-03,4278.92,0.031105,0.047443,0.037937,0.028431,0.018925,0.009419
2019-09-04,4314.1,0.030676,0.047443,0.037937,0.028431,0.018925,0.009419
2019-09-05,4355.55,0.030383,0.047443,0.037937,0.028431,0.018925,0.009419
2019-09-06,4376.66,0.030127,0.047443,0.037937,0.028431,0.018925,0.009419
2019-09-09,4436.61,0.029344,0.047443,0.037937,0.028431,0.018925,0.009419
2019-09-10,4429.09,0.029351,0.047443,0.037937,0.028431,0.018925,0.009419
2019-09-11,4398.02,0.029538,0.047443,0.037937,0.028431,0.018925,0.009419
2019-09-12,4433.93,0.028709,0.047443,0.037937,0.028431,0.018925,0.009419
2019-09-16,4433.12,0.028709,0.047443,0.037937,0.028431,0.018925,0.009419
2019-09-17,4346.21,0.029594,0.047443,0.037937,0.028431,0.018925,0.009419
2019-09-18,4358.25,0.029211,0.047443,0.037937,0.028431,0.018925,0.009419
2019-09-19,4388.88,0.029047,0.047443,0.037937,0.028431,0.018925,0.009419
2019-09-20,4398.24,0.029002,0.047443,0.037937,0.028431,0.018925,0.009419
2019-09-23,4354.4,0.029584,0.047443,0.037937,0.028431,0.018925,0.009419
2019-09-24,4366.95,0.029237,0.047443,0.037937,0.028431,0.018925,0.009419
2019-09-25,4311.01,0.029939,0.047443,0.037937,0.028431,0.018925,0.009419
2019-09-26,4237,0.030534,0.047443,0.037937,0.028431,0.018925,0.009419
2019-09-27,4259.78,0.030205,0.047443,0.037937,0.028431,0.018925,0.009419
2019-09-30,4214.4,0.030881,0.047443,0.037937,0.028431,0.018925,0.009419
2019-10-08,4229.69,0.030988,0.047443,0.037937,0.028431,0.018925,0.009419
2019-10-09,4250.48,0.030681,0.047443,0.037937,0.028431,0.018925,0.009419
2019-10-10,4296.68,0.029914,0.047443,0.037937,0.028431,0.018925,0.009419
2019-10-11,4322.16,0.029169,0.047443,0.037937,0.028431,0.018925,0.009419
2019-10-14,4376.85,0.028476,0.047443,0.037937,0.028431,0.018925,0.009419
2019-10-15,4340.14,0.028775,0.047443,0.037937,0.028431,0.018925,0.009419
2019-10-16,4321.7,0.029032,0.047443,0.037937,0.028431,0.018925,0.009419
2019-10-17,4320.67,0.029132,0.047443,0.037937,0.028431,0.018925,0.009419
2019-10-18,4261.83,0.029654,0.047443,0.037937,0.028431,0.018925,0.009419
2019-10-21,4260.58,0.029241,0.047443,0.037937,0.028431,0.018925,0.009419
2019-10-22,4292.53,0.028941,0.047443,0.037937,0.028431,0.018925,0.009419
2019-10-23,4263.3,0.029492,0.047443,0.037937,0.028431,0.018925,0.009419
2019-10-24,4259.94,0.029431,0.047443,0.037937,0.028431,0.018925,0.009419
2019-10-25,4289.74,0.029155,0.047443,0.037937,0.028431,0.018925,0.009419
2019-10-28,4346.56,0.028207,0.047443,0.037937,0.028431,0.018925,0.009419
2019-10-29,4309.47,0.028671,0.047443,0.037937,0.028431,0.018925,0.009419
2019-10-30,4275.88,0.029069,0.047443,0.037937,0.028431,0.018925,0.009419
2019-10-31,4253.92,0.029735,0.047443,0.037937,0.028431,0.018925,0.009419
2019-11-01,4311.05,0.029176,0.047443,0.037937,0.028431,0.018925,0.009419
2019-11-04,4336.19,0.028595,0.047443,0.037937,0.028431,0.018925,0.009419
2019-11-05,4358,0.028792,0.047443,0.037937,0.028431,0.018925,0.009419
2019-11-06,4328.75,0.028994,0.047443,0.037937,0.028431,0.018925,0.009419
2019-11-07,4346.05,0.028743,0.047443,0.037937,0.028431,0.018925,0.009419
2019-11-08,4329.01,0.028908,0.047443,0.037937,0.028431,0.018925,0.009419
2019-11-11,4239.61,0.030409,0.047443,0.037937,0.028431,0.018925,0.009419
2019-11-12,4244.05,0.030191,0.047443,0.037937,0.028431,0.018925,0.009419
2019-11-13,4237.78,0.030549,0.047443,0.037937,0.028431,0.018925,0.009419
2019-11-14,4254.66,0.030191,0.047443,0.037937,0.028431,0.018925,0.009419
2019-11-15,4216.29,0.030867,0.047443,0.037937,0.028431,0.018925,0.009419
2019-11-18,4246.92,0.030869,0.047443,0.037937,0.028431,0.018925,0.009419
2019-11-19,4304.12,0.030466,0.047443,0.037937,0.028431,0.018925,0.009419
2019-11-20,4269.6,0.030933,0.047443,0.037937,0.028431,0.018925,0.009419
2019-11-21,4257.11,0.031129,0.047443,0.037937,0.028431,0.018925,0.009419
2019-11-22,4212.93,0.031687,0.047443,0.037937,0.028431,0.018925,0.009419
2019-11-25,4222.53,0.031207,0.047443,0.037937,0.028431,0.018925,0.009419
2019-11-26,4226.89,0.031327,0.047443,0.037937,0.028431,0.018925,0.009419
2019-11-27,4219.44,0.031447,0.047443,0.037937,0.028431,0.018925,0.009419
2019-11-28,4205.78,0.031687,0.047443,0.037937,0.028431,0.018925,0.009419
2019-11-29,4186.18,0.03197,0.047443,0.037937,0.028431,0.018925,0.009419
2019-12-02,4194.2,0.031448,0.047443,0.037937,0.028431,0.018925,0.009419
2019-12-03,4213.99,0.031607,0.047443,0.037937,0.028431,0.018925,0.009419
2019-12-04,4214.52,0.031587,0.047443,0.037937,0.028431,0.018925,0.009419
2019-12-05,4252.46,0.031029,0.047443,0.037937,0.028431,0.018925,0.009419
2019-12-06,4280.51,0.030715,0.047443,0.037937,0.028431,0.018925,0.009419
2019-12-09,4282.46,0.030615,0.047443,0.037937,0.028431,0.018925,0.009419
2019-12-10,4296.03,0.030598,0.047443,0.037937,0.028431,0.018925,0.009419
2019-12-11,4290.45,0.030659,0.047443,0.037937,0.028431,0.018925,0.009419
2019-12-12,4280.61,0.030815,0.047443,0.037937,0.028431,0.018925,0.009419
2019-12-13,4350.47,0.029678,0.047443,0.037937,0.028431,0.018925,0.009419
2019-12-16,4397,0.028796,0.047443,0.037937,0.028431,0.018925,0.009419
2019-12-17,4454.79,0.02787,0.047443,0.037937,0.028431,0.018925,0.009419
2019-12-18,4450,0.02787,0.047443,0.037937,0.028431,0.018925,0.009419
2019-12-19,4454.78,0.027762,0.047443,0.037937,0.028431,0.018925,0.009419
2019-12-20,4426.58,0.028349,0.047443,0.037937,0.028431,0.018925,0.009419
2019-12-23,4353.55,0.029403,0.047443,0.037937,0.028431,0.018925,0.009419
2019-12-24,4402.06,0.029084,0.047443,0.037937,0.028431,0.018925,0.009419
2019-12-25,4410.82,0.029011,0.047443,0.037937,0.028431,0.018925,0.009419
2019-12-26,4446.55,0.028938,0.047443,0.037937,0.028431,0.018925,0.009419
2019-12-27,4428.68,0.028883,0.047443,0.037937,0.028431,0.018925,0.009419
2019-12-30,4480.35,0.028239,0.047443,0.037937,0.028431,0.018925,0.009419
2019-12-31,4500.13,0.027893,0.047443,0.037937,0.028431,0.018925,0.009419
2020-01-02,4571.72,0.026963,0.047443,0.037937,0.028431,0.018925,0.009419
2020-01-03,4576.54,0.027028,0.047443,0.037937,0.028431,0.018925,0.009419
2020-01-06,4585.95,0.02696,0.047443,0.037937,0.028431,0.018925,0.009419
2020-01-07,4633.32,0.026455,0.047443,0.037937,0.028431,0.018925,0.009419
2020-01-08,4575.36,0.02723,0.047443,0.037937,0.028431,0.018925,0.009419
2020-01-09,4639.86,0.026687,0.047443,0.037937,0.028431,0.018925,0.009419
2020-01-10,4633.42,0.027119,0.047443,0.037937,0.028431,0.018925,0.009419
2020-01-13,4685.46,0.026588,0.047443,0.037937,0.028431,0.018925,0.009419
2020-01-14,4672.65,0.026521,0.047443,0.037937,0.028431,0.018925,0.009419
2020-01-15,4654.92,0.026853,0.047443,0.037937,0.028431,0.018925,0.009419
2020-01-16,4641.22,0.027087,0.047443,0.037937,0.028431,0.018925,0.009419
2020-01-17,4637.27,0.02722,0.047443,0.037937,0.028431,0.018925,0.009419
2020-01-20,4684.63,0.026687,0.047443,0.037937,0.028431,0.018925,0.009419
2020-01-21,4619.53,0.027989,0.047443,0.037937,0.028431,0.018925,0.009419
2020-01-22,4641.99,0.027718,0.047443,0.037937,0.028431,0.018925,0.009419
2020-01-23,4488.97,0.029815,0.047443,0.037937,0.028431,0.018925,0.009419
2020-02-03,4121.6,0.036643,0.047443,0.037937,0.028431,0.018925,0.009419
2020-02-04,4192.97,0.035161,0.047443,0.037937,0.028431,0.018925,0.009419
2020-02-05,4273.04,0.03432,0.047443,0.037937,0.028431,0.018925,0.009419
2020-02-06,4376.69,0.033045,0.047443,0.037937,0.028431,0.018925,0.009419
2020-02-07,4397.21,0.033295,0.047443,0.037937,0.028431,0.018925,0.009419
2020-02-10,4434.63,0.032947,0.047443,0.037937,0.028431,0.018925,0.009419
2020-02-11,4442.58,0.032361,0.047443,0.037937,0.028431,0.018925,0.009419
2020-02-12,4502.19,0.031704,0.047443,0.037937,0.028431,0.018925,0.009419
2020-02-13,4468.2,0.032241,0.047443,0.037937,0.028431,0.018925,0.009419
2020-02-14,4487.78,0.031584,0.047443,0.037937,0.028431,0.018925,0.009419
2020-02-17,4612.98,0.029798,0.047443,0.037937,0.028431,0.018925,0.009419
2020-02-18,4640.62,0.029792,0.047443,0.037937,0.028431,0.018925,0.009419
2020-02-19,4618.01,0.029898,0.047443,0.037937,0.028431,0.018925,0.009419
2020-02-20,4716.3,0.028715,0.047443,0.037937,0.028431,0.018925,0.009419
2020-02-21,4751.46,0.028654,0.047443,0.037937,0.028431,0.018925,0.009419
2020-02-24,4780.26,0.028859,0.047443,0.037937,0.028431,0.018925,0.009419
2020-02-25,4784.12,0.028857,0.047443,0.037937,0.028431,0.018925,0.009419
2020-02-26,4694.39,0.029917,0.047443,0.037937,0.028431,0.018925,0.009419
2020-02-27,4704.98,0.030184,0.047443,0.037937,0.028431,0.018925,0.009419
2020-02-28,4493,0.032935,0.047443,0.037937,0.028431,0.018925,0.009419
2020-03-02,4655.57,0.030993,0.047443,0.037937,0.028431,0.018925,0.009419
2020-03-03,4696.99,0.030452,0.047443,0.037937,0.028431,0.018925,0.009419
2020-03-04,4721.66,0.030953,0.047443,0.037937,0.028431,0.018925,0.009419
2020-03-05,4812.55,0.029806,0.047443,0.037937,0.028431,0.018925,0.009419
2020-03-06,4764.24,0.030925,0.047443,0.037937,0.028431,0.018925,0.009419
2020-03-09,4592.98,0.033968,0.047443,0.037937,0.028431,0.018925,0.009419
2020-03-10,4698.1,0.031891,0.047443,0.037937,0.028431,0.018925,0.009419
2020-03-11,4637.04,0.032539,0.047443,0.037937,0.028431,0.018925,0.009419
2020-03-12,4547.24,0.03329,0.047443,0.037937,0.028431,0.018925,0.009419
2020-03-13,4494.55,0.033648,0.047443,0.037937,0.028431,0.018925,0.009419
2020-03-16,4296.9,0.03601,0.047443,0.037937,0.028431,0.018925,0.009419
2020-03-17,4283.77,0.035946,0.047443,0.037937,0.028431,0.018925,0.009419
2020-03-18,4206.62,0.037043,0.047443,0.037937,0.028431,0.018925,0.009419
2020-03-19,4195.45,0.037215,0.047443,0.037937,0.028431,0.018925,0.009419
2020-03-20,4257,0.026858,0.047443,0.037937,0.028431,0.018925,0.009419
2020-03-23,4095.34,0.029454,0.047443,0.037937,0.028431,0.018925,0.009419
2020-03-24,4189.86,0.028416,0.047443,0.037937,0.028431,0.018925,0.009419
2020-03-25,4297.53,0.027329,0.047443,0.037937,0.028431,0.018925,0.009419
2020-03-26,4263.54,0.028371,0.047443,0.037937,0.028431,0.018925,0.009419
2020-03-27,4257.8,0.028556,0.047443,0.037937,0.028431,0.018925,0.009419
2020-03-30,4190.86,0.03019,0.047443,0.037937,0.028431,0.018925,0.009419
2020-03-31,4202.25,0.031131,0.047443,0.037937,0.028431,0.018925,0.009419
2020-04-01,4185.81,0.031826,0.047443,0.037937,0.028431,0.018925,0.009419
2020-04-02,4269.75,0.030839,0.047443,0.037937,0.028431,0.018925,0.009419
2020-04-03,4244.74,0.031226,0.047443,0.037937,0.028431,0.018925,0.009419
2020-04-07,4362.26,0.030816,0.047443,0.037937,0.028431,0.018925,0.009419
2020-04-08,4357.03,0.031243,0.047443,0.037937,0.028431,0.018925,0.009419
2020-04-09,4385.68,0.030653,0.047443,0.037937,0.028431,0.018925,0.009419
2020-04-10,4319.36,0.031374,0.047443,0.037937,0.028431,0.018925,0.009419
2020-04-13,4290.77,0.031495,0.047443,0.037937,0.028431,0.018925,0.009419
2020-04-14,4378.07,0.030692,0.047443,0.037937,0.028431,0.018925,0.009419
2020-04-15,4350.69,0.031273,0.047443,0.037937,0.028431,0.018925,0.009419
2020-04-16,4368.84,0.031539,0.047443,0.037937,0.028431,0.018925,0.009419
2020-04-17,4391.6,0.03114,0.047443,0.037937,0.028431,0.018925,0.009419
2020-04-20,4427.69,0.031,0.047443,0.037937,0.028431,0.018925,0.009419
2020-04-21,4388.31,0.032328,0.047443,0.037937,0.028431,0.018925,0.009419
2020-04-22,4426.65,0.032159,0.047443,0.037937,0.028431,0.018925,0.009419
2020-04-23,4409.33,0.032932,0.047443,0.037937,0.028431,0.018925,0.009419
2020-04-24,4351.55,0.033894,0.047443,0.037937,0.028431,0.018925,0.009419
2020-04-27,4357.5,0.034579,0.047443,0.037937,0.028431,0.018925,0.009419
2020-04-28,4346.08,0.035716,0.047443,0.037937,0.028431,0.018925,0.009419
2020-04-29,4352.45,0.035207,0.047443,0.037937,0.028431,0.018925,0.009419
2020-04-30,4426.34,0.031995,0.047443,0.037937,0.028431,0.018925,0.009419
2020-05-06,4480.64,0.031036,0.047443,0.037937,0.028431,0.018925,0.009419
2020-05-07,4471.04,0.030664,0.047443,0.037937,0.028431,0.018925,0.009419
2020-05-08,4517.68,0.030248,0.047443,0.037937,0.028431,0.018925,0.009419
2020-05-11,4511.05,0.029779,0.047443,0.037937,0.028431,0.018925,0.009419
2020-05-12,4516.08,0.029847,0.047443,0.037937,0.028431,0.018925,0.009419
2020-05-13,4533.77,0.029123,0.047443,0.037937,0.028431,0.018925,0.009419
2020-05-14,4489.02,0.029767,0.047443,0.037937,0.028431,0.018925,0.009419
2020-05-15,4491.43,0.029935,0.047443,0.037937,0.028431,0.018925,0.009419
2020-05-18,4486.85,0.029466,0.047443,0.037937,0.028431,0.018925,0.009419
2020-05-19,4533.77,0.028923,0.047443,0.037937,0.028431,0.018925,0.009419
2020-05-20,4499.91,0.029706,0.047443,0.037937,0.028431,0.018925,0.009419
2020-05-21,4462.15,0.030094,0.047443,0.037937,0.028431,0.018925,0.009419
2020-05-22,4370.15,0.031926,0.047443,0.037937,0.028431,0.018925,0.009419
2020-05-25,4371.64,0.031189,0.047443,0.037937,0.028431,0.018925,0.009419
2020-05-26,4443.23,0.029887,0.047443,0.037937,0.028431,0.018925,0.009419
2020-05-27,4413.32,0.030051,0.047443,0.037937,0.028431,0.018925,0.009419
2020-05-28,4413.91,0.030285,0.047443,0.037937,0.028431,0.018925,0.009419
2020-05-29,4439.09,0.030188,0.047443,0.037937,0.028431,0.018925,0.009419
2020-06-01,4564.25,0.028577,0.047443,0.037937,0.028431,0.018925,0.009419
2020-06-02,4574.13,0.027852,0.047443,0.037937,0.028431,0.018925,0.009419
2020-06-03,4574.88,0.027821,0.047443,0.037937,0.028431,0.018925,0.009419
2020-06-04,4578.9,0.027421,0.047443,0.037937,0.028431,0.018925,0.009419
2020-06-05,4591.96,0.027036,0.047443,0.037937,0.028431,0.018925,0.009419
2020-06-08,4598.69,0.027343,0.047443,0.037937,0.028431,0.018925,0.009419
2020-06-09,4627.44,0.027077,0.047443,0.037937,0.028431,0.018925,0.009419
2020-06-10,4624.67,0.026968,0.047443,0.037937,0.028431,0.018925,0.009419
2020-06-11,4592.14,0.027804,0.047443,0.037937,0.028431,0.018925,0.009419
2020-06-12,4596.96,0.027974,0.047443,0.037937,0.028431,0.018925,0.009419
2020-06-15,4566.52,0.030253,0.047443,0.037937,0.028431,0.018925,0.009419
2020-06-16,4643.22,0.028853,0.047443,0.037937,0.028431,0.018925,0.009419
2020-06-17,4655.93,0.028354,0.047443,0.037937,0.028431,0.018925,0.009419
2020-06-18,4667.58,0.028524,0.047443,0.037937,0.028431,0.018925,0.009419
2020-06-19,4717.91,0.027677,0.047443,0.037937,0.028431,0.018925,0.009419
2020-06-22,4725.94,0.027245,0.047443,0.037937,0.028431,0.018925,0.009419
2020-06-23,4743.45,0.027155,0.047443,0.037937,0.028431,0.018925,0.009419
2020-06-24,4748.33,0.027528,0.047443,0.037937,0.028431,0.018925,0.009419
2020-06-29,4721.12,0.027945,0.047443,0.037937,0.028431,0.018925,0.009419
2020-06-30,4792.71,0.02749,0.047443,0.037937,0.028431,0.018925,0.009419
2020-07-01,4849.46,0.026547,0.047443,0.037937,0.028431,0.018925,0.009419
2020-07-02,4931.1,0.025466,0.047443,0.037937,0.028431,0.018925,0.009419
2020-07-03,5008.35,0.024122,0.047443,0.037937,0.028431,0.018925,0.009419
2020-07-06,5249.3,0.020509,0.047443,0.037937,0.028431,0.018925,0.009419
2020-07-07,5301.94,0.019934,0.047443,0.037937,0.028431,0.018925,0.009419
2020-07-08,5403.75,0.018703,0.047443,0.037937,0.028431,0.018925,0.009419
2020-07-09,5513.9,0.017652,0.047443,0.037937,0.028431,0.018925,0.009419
2020-07-10,5452.85,0.018927,0.047443,0.037937,0.028431,0.018925,0.009419
2020-07-13,5604.01,0.017664,0.047443,0.037937,0.028431,0.018925,0.009419
2020-07-14,5550.2,0.018601,0.047443,0.037937,0.028431,0.018925,0.009419
2020-07-15,5445.83,0.01996,0.047443,0.037937,0.028431,0.018925,0.009419
2020-07-16,5178.85,0.022415,0.047443,0.037937,0.028431,0.018925,0.009419
2020-07-17,5202.82,0.022228,0.047443,0.037937,0.028431,0.018925,0.009419
2020-07-20,5362.66,0.021026,0.047443,0.037937,0.028431,0.018925,0.009419
2020-07-21,5385.97,0.021148,0.047443,0.037937,0.028431,0.018925,0.009419
2020-07-22,5420.11,0.020973,0.047443,0.037937,0.028431,0.018925,0.009419
2020-07-23,5417.92,0.020874,0.047443,0.037937,0.028431,0.018925,0.009419
2020-07-24,5169.07,0.023525,0.047443,0.037937,0.028431,0.018925,0.009419
2020-07-27,5183.82,0.023191,0.047443,0.037937,0.028431,0.018925,0.009419
2020-07-28,5235.68,0.02234,0.047443,0.037937,0.028431,0.018925,0.009419
2020-07-29,5370,0.020978,0.047443,0.037937,0.028431,0.018925,0.009419
2020-07-30,5351.83,0.021181,0.047443,0.037937,0.028431,0.018925,0.009419
2020-07-31,5409.46,0.020454,0.047443,0.037937,0.028431,0.018925,0.009419
2020-08-03,5529.01,0.019695,0.047443,0.037937,0.028431,0.018925,0.009419
2020-08-04,5512.57,0.019794,0.047443,0.037937,0.028431,0.018925,0.009419
2020-08-05,5544.96,0.019452,0.047443,0.037937,0.028431,0.018925,0.009419
2020-08-06,5535.71,0.019278,0.047443,0.037937,0.028431,0.018925,0.009419
2020-08-07,5469.81,0.019736,0.047443,0.037937,0.028431,0.018925,0.009419
2020-08-10,5491.63,0.01984,0.047443,0.037937,0.028431,0.018925,0.009419
2020-08-11,5414.82,0.020502,0.047443,0.037937,0.028431,0.018925,0.009419
2020-08-12,5363.44,0.02083,0.047443,0.037937,0.028431,0.018925,0.009419
2020-08-13,5366.55,0.020855,0.047443,0.037937,0.028431,0.018925,0.009419
2020-08-14,5431.54,0.020453,0.047443,0.037937,0.028431,0.018925,0.009419
2020-08-17,5547.48,0.019507,0.047443,0.037937,0.028431,0.018925,0.009419
2020-08-18,5568.39,0.019016,0.047443,0.037937,0.028431,0.018925,0.009419
2020-08-19,5474.66,0.019711,0.047443,0.037937,0.028431,0.018925,0.009419
2020-08-20,5405.45,0.020257,0.047443,0.037937,0.028431,0.018925,0.009419
2020-08-21,5447.72,0.020131,0.047443,0.037937,0.028431,0.018925,0.009419
2020-08-24,5490.78,0.019588,0.047443,0.037937,0.028431,0.018925,0.009419
2020-08-25,5482.94,0.019388,0.047443,0.037937,0.028431,0.018925,0.009419
2020-08-26,5393.72,0.02004,0.047443,0.037937,0.028431,0.018925,0.009419
2020-08-27,5438.76,0.019713,0.047443,0.037937,0.028431,0.018925,0.009419
2020-08-28,5541.35,0.017961,0.047443,0.037937,0.028431,0.018925,0.009419
2020-08-31,5525.21,0.016975,0.047443,0.037937,0.028431,0.018925,0.009419
2020-09-01,5556.5,0.016437,0.047443,0.037937,0.028431,0.018925,0.009419
2020-09-02,5564.69,0.015922,0.047443,0.037937,0.028431,0.018925,0.009419
2020-09-03,5522.08,0.016153,0.047443,0.037937,0.028431,0.018925,0.009419
2020-09-04,5485.28,0.016389,0.047443,0.037937,0.028431,0.018925,0.009419
2020-09-07,5375.87,0.017008,0.047443,0.037937,0.028431,0.018925,0.009419
2020-09-08,5408.83,0.016979,0.047443,0.037937,0.028431,0.018925,0.009419
2020-09-09,5268.44,0.018481,0.047443,0.037937,0.028431,0.018925,0.009419
2020-09-10,5193.2,0.019017,0.047443,0.037937,0.028431,0.018925,0.009419
2020-09-11,5256.62,0.018012,0.047443,0.037937,0.028431,0.018925,0.009419
2020-09-14,5302.57,0.017479,0.047443,0.037937,0.028431,0.018925,0.009419
2020-09-15,5337.35,0.01759,0.047443,0.037937,0.028431,0.018925,0.009419
2020-09-16,5297.79,0.017748,0.047443,0.037937,0.028431,0.018925,0.009419
2020-09-17,5287.87,0.017843,0.047443,0.037937,0.028431,0.018925,0.009419
2020-09-18,5387.11,0.017026,0.047443,0.037937,0.028431,0.018925,0.009419
2020-09-21,5354.67,0.017548,0.047443,0.037937,0.028431,0.018925,0.009419
2020-09-22,5286.99,0.018214,0.047443,0.037937,0.028431,0.018925,0.009419
2020-09-23,5311.65,0.018047,0.047443,0.037937,0.028431,0.018925,0.009419
2020-09-24,5192.71,0.019092,0.047443,0.037937,0.028431,0.018925,0.009419
2020-09-25,5187.29,0.018647,0.047443,0.037937,0.028431,0.018925,0.009419
2020-09-28,5165.06,0.018919,0.047443,0.037937,0.028431,0.018925,0.009419
2020-09-29,5195.96,0.018499,0.047443,0.037937,0.028431,0.018925,0.009419
2020-09-30,5189.36,0.018351,0.047443,0.037937,0.028431,0.018925,0.009419
2020-10-09,5319.45,0.016919,0.047443,0.037937,0.028431,0.018925,0.009419
2020-10-12,5481.95,0.015587,0.047443,0.037937,0.028431,0.018925,0.009419
2020-10-13,5499.7,0.015378,0.047443,0.037937,0.028431,0.018925,0.009419
2020-10-14,5462.87,0.015471,0.047443,0.037937,0.028431,0.018925,0.009419
2020-10-15,5436.29,0.015531,0.047443,0.037937,0.028431,0.018925,0.009419
2020-10-16,5424.6,0.015652,0.047443,0.037937,0.028431,0.018925,0.009419
2020-10-19,5383.36,0.016122,0.047443,0.037937,0.028431,0.018925,0.009419
2020-10-20,5432.82,0.015962,0.047443,0.037937,0.028431,0.018925,0.009419
2020-10-21,5395.78,0.016244,0.047443,0.037937,0.028431,0.018925,0.009419
2020-10-22,5374.55,0.016671,0.047443,0.037937,0.028431,0.018925,0.009419
2020-10-23,5295.62,0.017057,0.047443,0.037937,0.028431,0.018925,0.009419
2020-10-26,5284.85,0.017371,0.047443,0.037937,0.028431,0.018925,0.009419
2020-10-27,5297,0.017643,0.047443,0.037937,0.028431,0.018925,0.009419
2020-10-28,5326.01,0.017494,0.047443,0.037937,0.028431,0.018925,0.009419
2020-10-29,5346.9,0.017882,0.047443,0.037937,0.028431,0.018925,0.009419
2020-10-30,5241.17,0.019501,0.047443,0.037937,0.028431,0.018925,0.009419
2020-11-02,5266.93,0.018831,0.047443,0.037937,0.028431,0.018925,0.009419
2020-11-03,5343.8,0.018178,0.047443,0.037937,0.028431,0.018925,0.009419
2020-11-04,5361.25,0.018153,0.047443,0.037937,0.028431,0.018925,0.009419
2020-11-05,5448.96,0.017251,0.047443,0.037937,0.028431,0.018925,0.009419
2020-11-06,5423.96,0.017247,0.047443,0.037937,0.028431,0.018925,0.009419
2020-11-09,5536.09,0.016052,0.047443,0.037937,0.028431,0.018925,0.009419
2020-11-10,5494.1,0.016529,0.047443,0.037937,0.028431,0.018925,0.009419
2020-11-11,5425.8,0.016807,0.047443,0.037937,0.028431,0.018925,0.009419
2020-11-12,5435.14,0.016586,0.047443,0.037937,0.028431,0.018925,0.009419
2020-11-13,5402.77,0.016825,0.047443,0.037937,0.028431,0.018925,0.009419
2020-11-16,5456.73,0.016344,0.047443,0.037937,0.028431,0.018925,0.009419
2020-11-17,5428.08,0.016362,0.047443,0.037937,0.028431,0.018925,0.009419
2020-11-18,5426.94,0.016019,0.047443,0.037937,0.028431,0.018925,0.009419
2020-11-19,5459.53,0.015462,0.047443,0.037937,0.028431,0.018925,0.009419
2020-11-20,5488.77,0.01562,0.047443,0.037937,0.028431,0.018925,0.009419
2020-11-23,5539.28,0.015548,0.047443,0.037937,0.028431,0.018925,0.009419
2020-11-24,5521.1,0.015513,0.047443,0.037937,0.028431,0.018925,0.009419
2020-11-25,5438.56,0.016344,0.047443,0.037937,0.028431,0.018925,0.009419
2020-11-26,5432.55,0.016147,0.047443,0.037937,0.028431,0.018925,0.009419
2020-11-27,5470.48,0.015578,0.047443,0.037937,0.028431,0.018925,0.009419
2020-11-30,5450.5,0.016233,0.047443,0.037937,0.028431,0.018925,0.009419
2020-12-01,5550.59,0.015205,0.047443,0.037937,0.028431,0.018925,0.009419
2020-12-02,5555.82,0.015032,0.047443,0.037937,0.028431,0.018925,0.009419
2020-12-03,5548.02,0.0151,0.047443,0.037937,0.028431,0.018925,0.009419
2020-12-04,5564.93,0.015205,0.047443,0.037937,0.028431,0.018925,0.009419
2020-12-07,5531.96,0.015548,0.047443,0.037937,0.028431,0.018925,0.009419
2020-12-08,5525.28,0.015739,0.047443,0.037937,0.028431,0.018925,0.009419
2020-12-09,5439.05,0.016297,0.047443,0.037937,0.028431,0.018925,0.009419
2020-12-10,5440.8,0.016419,0.047443,0.037937,0.028431,0.018925,0.009419
2020-12-11,5371.69,0.01653,0.047443,0.037937,0.028431,0.018925,0.009419
2020-12-14,5421.86,0.015145,0.047443,0.037937,0.028431,0.018925,0.009419
2020-12-15,5434.04,0.015198,0.047443,0.037937,0.028431,0.018925,0.009419
2020-12-16,5422.46,0.015289,0.047443,0.037937,0.028431,0.018925,0.009419
2020-12-17,5483.72,0.014792,0.047443,0.037937,0.028431,0.018925,0.009419
2020-12-18,5465.58,0.014828,0.047443,0.037937,0.028431,0.018925,0.009419
2020-12-21,5538.33,0.014513,0.047443,0.037937,0.028431,0.018925,0.009419
2020-12-22,5435.09,0.015758,0.047443,0.037937,0.028431,0.018925,0.009419
2020-12-23,5480.68,0.015494,0.047443,0.037937,0.028431,0.018925,0.009419
2020-12-24,5434.99,0.015735,0.047443,0.037937,0.028431,0.018925,0.009419
2020-12-25,5485.72,0.015699,0.047443,0.037937,0.028431,0.018925,0.009419
2020-12-28,5483.81,0.016017,0.047443,0.037937,0.028431,0.018925,0.009419
2020-12-29,5454.43,0.016265,0.047443,0.037937,0.028431,0.018925,0.009419
2020-12-30,5524.24,0.016165,0.047443,0.037937,0.028431,0.018925,0.009419
2020-12-31,5621.73,0.015182,0.047443,0.037937,0.028431,0.018925,0.009419
2021-01-04,5712.18,0.014175,0.047443,0.037937,0.028431,0.018925,0.009419
2021-01-05,5780.67,0.014211,0.047443,0.037937,0.028431,0.018925,0.009419
2021-01-06,5791.31,0.014048,0.047443,0.037937,0.028431,0.018925,0.009419
2021-01-07,5819.75,0.013825,0.047443,0.037937,0.028431,0.018925,0.009419
2021-01-08,5804.6,0.013709,0.047443,0.037937,0.028431,0.018925,0.009419
2021-01-11,5726.66,0.014163,0.047443,0.037937,0.028431,0.018925,0.009419
2021-01-12,5851.01,0.013349,0.047443,0.037937,0.028431,0.018925,0.009419
2021-01-13,5812.27,0.013843,0.047443,0.037937,0.028431,0.018925,0.009419
2021-01-14,5735.21,0.014449,0.047443,0.037937,0.028431,0.018925,0.009419
2021-01-15,5740.28,0.013974,0.047443,0.037937,0.028431,0.018925,0.009419
2021-01-18,5817.52,0.013312,0.047443,0.037937,0.028431,0.018925,0.009419
2021-01-19,5755.58,0.013794,0.047443,0.037937,0.028431,0.018925,0.009419
2021-01-20,5804.39,0.01349,0.047443,0.037937,0.028431,0.018925,0.009419
2021-01-21,5884.72,0.013269,0.047443,0.037937,0.028431,0.018925,0.009419
2021-01-22,5885.35,0.013446,0.047443,0.037937,0.028431,0.018925,0.009419
2021-01-25,5902.03,0.013191,0.047443,0.037937,0.028431,0.018925,0.009419
2021-01-26,5791.26,0.013814,0.047443,0.037937,0.028431,0.018925,0.009419
2021-01-27,5805.76,0.013733,0.047443,0.037937,0.028431,0.018925,0.009419
2021-01-28,5665.26,0.014315,0.047443,0.037937,0.028431,0.018925,0.009419
2021-01-29,5615.57,0.01481,0.047443,0.037937,0.028431,0.018925,0.009419
2021-02-01,5667.79,0.014525,0.047443,0.037937,0.028431,0.018925,0.009419
2021-02-02,5742.2,0.013848,0.047443,0.037937,0.028431,0.018925,0.009419
2021-02-03,5706.48,0.013942,0.047443,0.037937,0.028431,0.018925,0.009419
2021-02-04,5660.39,0.014297,0.047443,0.037937,0.028431,0.018925,0.009419
2021-02-05,5628.43,0.014524,0.047443,0.037937,0.028431,0.018925,0.009419
2021-02-08,5702.53,0.013816,0.047443,0.037937,0.028431,0.018925,0.009419
2021-02-09,5826.28,0.013025,0.047443,0.037937,0.028431,0.018925,0.009419
2021-02-10,5918.59,0.012248,0.047443,0.037937,0.028431,0.018925,0.009419
2021-02-18,5930.61,0.011758,0.047443,0.037937,0.028431,0.018925,0.009419
2021-02-19,5977.42,0.011663,0.047443,0.037937,0.028431,0.018925,0.009419
2021-02-22,5863.74,0.012231,0.047443,0.037937,0.028431,0.018925,0.009419
2021-02-23,5839.9,0.012489,0.047443,0.037937,0.028431,0.018925,0.009419
2021-02-24,5727.23,0.013368,0.047443,0.037937,0.028431,0.018925,0.009419
2021-02-25,5729.91,0.013145,0.047443,0.037937,0.028431,0.018925,0.009419
2021-02-26,5617.67,0.013957,0.047443,0.037937,0.028431,0.018925,0.009419
2021-03-01,5723.76,0.013529,0.047443,0.037937,0.028431,0.018925,0.009419
2021-03-02,5665.9,0.014015,0.047443,0.037937,0.028431,0.018925,0.009419
2021-03-03,5759.45,0.013098,0.047443,0.037937,0.028431,0.018925,0.009419
2021-03-04,5611.59,0.014033,0.047443,0.037937,0.028431,0.018925,0.009419
2021-03-05,5607.55,0.01423,0.047443,0.037937,0.028431,0.018925,0.009419
2021-03-08,5446.47,0.015546,0.047443,0.037937,0.028431,0.018925,0.009419
2021-03-09,5317.15,0.016493,0.047443,0.037937,0.028431,0.018925,0.009419
2021-03-10,5321.87,0.016592,0.047443,0.037937,0.028431,0.018925,0.009419
2021-03-11,5452.28,0.015425,0.047443,0.037937,0.028431,0.018925,0.009419
2021-03-12,5469.16,0.015168,0.047443,0.037937,0.028431,0.018925,0.009419
2021-03-15,5382.11,0.015966,0.047443,0.037937,0.028431,0.018925,0.009419
2021-03-16,5430.04,0.015693,0.047443,0.037937,0.028431,0.018925,0.009419
2021-03-17,5457.86,0.015578,0.047443,0.037937,0.028431,0.018925,0.009419
2021-03-18,5493.35,0.015327,0.047443,0.037937,0.028431,0.018925,0.009419
2021-03-19,5389.63,0.016426,0.047443,0.037937,0.028431,0.018925,0.009419
2021-03-22,5456.4,0.016034,0.047443,0.037937,0.028431,0.018925,0.009419
2021-03-23,5397.61,0.016722,0.047443,0.037937,0.028431,0.018925,0.009419
2021-03-24,5318.97,0.017589,0.047443,0.037937,0.028431,0.018925,0.009419
2021-03-25,5318.06,0.017686,0.047443,0.037937,0.028431,0.018925,0.009419
2021-03-26,5425.75,0.016844,0.047443,0.037937,0.028431,0.018925,0.009419
2021-03-29,5436.15,0.017105,0.047443,0.037937,0.028431,0.018925,0.009419
2021-03-30,5463.43,0.016935,0.047443,0.037937,0.028431,0.018925,0.009419
2021-03-31,5433.7,0.017833,0.047443,0.037937,0.028431,0.018925,0.009419
2021-04-01,5487.7,0.017369,0.047443,0.037937,0.028431,0.018925,0.009419
2021-04-02,5524.69,0.017129,0.047443,0.037937,0.028431,0.018925,0.009419
2021-04-06,5527.49,0.017007,0.047443,0.037937,0.028431,0.018925,0.009419
2021-04-07,5509.27,0.017028,0.047443,0.037937,0.028431,0.018925,0.009419
2021-04-08,5509.02,0.017028,0.047443,0.037937,0.028431,0.018925,0.009419
2021-04-09,5457.59,0.017611,0.047443,0.037937,0.028431,0.018925,0.009419
2021-04-12,5365.05,0.01858,0.047443,0.037937,0.028431,0.018925,0.009419
2021-04-13,5350.87,0.019003,0.047443,0.037937,0.028431,0.018925,0.009419
2021-04-14,5408.43,0.018476,0.047443,0.037937,0.028431,0.018925,0.009419
2021-04-15,5382.62,0.018803,0.047443,0.037937,0.028431,0.018925,0.009419
2021-04-16,5420.68,0.018675,0.047443,0.037937,0.028431,0.018925,0.009419
2021-04-19,5533.78,0.017861,0.047443,0.037937,0.028431,0.018925,0.009419
2021-04-20,5526.53,0.017982,0.047443,0.037937,0.028431,0.018925,0.009419
2021-04-21,5532.14,0.018154,0.047443,0.037937,0.028431,0.018925,0.009419
2021-04-22,5536.28,0.018153,0.047443,0.037937,0.028431,0.018925,0.009419
2021-04-23,5560.17,0.018203,0.047443,0.037937,0.028431,0.018925,0.009419
2021-04-26,5512.84,0.018735,0.047443,0.037937,0.028431,0.018925,0.009419
2021-04-27,5515.48,0.019152,0.047443,0.037937,0.028431,0.018925,0.009419
2021-04-28,5548.49,0.019831,0.047443,0.037937,0.028431,0.018925,0.009419
2021-04-29,5572.66,0.021216,0.047443,0.037937,0.028431,0.018925,0.009419
2021-04-30,5544.26,0.023162,0.047443,0.037937,0.028431,0.018925,0.009419
2021-05-06,5510.01,0.023531,0.047443,0.037937,0.028431,0.018925,0.009419
2021-05-07,5445.09,0.023919,0.047443,0.037937,0.028431,0.018925,0.009419
2021-05-10,5454.54,0.023865,0.047443,0.037937,0.028431,0.018925,0.009419
2021-05-11,5473.07,0.023782,0.047443,0.037937,0.028431,0.018925,0.009419
2021-05-12,5511.47,0.023519,0.047443,0.037937,0.028431,0.018925,0.009419
2021-05-13,5460.08,0.023903,0.047443,0.037937,0.028431,0.018925,0.009419
2021-05-14,5562.16,0.022946,0.047443,0.037937,0.028431,0.018925,0.009419
2021-05-17,5611.83,0.022409,0.047443,0.037937,0.028431,0.018925,0.009419
2021-05-18,5622.27,0.022265,0.047443,0.037937,0.028431,0.018925,0.009419
2021-05-19,5612.2,0.022607,0.047443,0.037937,0.028431,0.018925,0.009419
2021-05-20,5614.16,0.022905,0.047443,0.037937,0.028431,0.018925,0.009419
2021-05-21,5582.61,0.023266,0.047443,0.037937,0.028431,0.018925,0.009419
2021-05-24,5611.12,0.023062,0.047443,0.037937,0.028431,0.018925,0.009419
2021-05-25,5736.13,0.021927,0.047443,0.037937,0.028431,0.018925,0.009419
2021-05-26,5744.16,0.022141,0.047443,0.037937,0.028431,0.018925,0.009419
2021-05-27,5776.21,0.021794,0.047443,0.037937,0.028431,0.018925,0.009419
2021-05-28,5765,0.021805,0.047443,0.037937,0.028431,0.018925,0.009419
2021-05-31,5809.37,0.021828,0.047443,0.037937,0.028431,0.018925,0.009419
2021-06-01,5825.59,0.021792,0.047443,0.037937,0.028431,0.018925,0.009419
2021-06-02,5767.11,0.021932,0.047443,0.037937,0.028431,0.018925,0.009419
2021-06-03,5740.73,0.022252,0.047443,0.037937,0.028431,0.018925,0.009419
2021-06-04,5768.97,0.021761,0.047443,0.037937,0.028431,0.018925,0.009419
2021-06-07,5780.22,0.02148,0.047443,0.037937,0.028431,0.018925,0.009419
2021-06-08,5739.39,0.021784,0.047443,0.037937,0.028431,0.018925,0.009419
2021-06-09,5747.46,0.021673,0.047443,0.037937,0.028431,0.018925,0.009419
2021-06-10,5797.19,0.021415,0.047443,0.037937,0.028431,0.018925,0.009419
2021-06-11,5755.73,0.02142,0.047443,0.037937,0.028431,0.018925,0.009419
2021-06-15,5699.55,0.021244,0.047443,0.037937,0.028431,0.018925,0.009419
2021-06-16,5598.98,0.02195,0.047443,0.037937,0.028431,0.018925,0.009419
2021-06-17,5643.38,0.021543,0.047443,0.037937,0.028431,0.018925,0.009419
2021-06-18,5669.45,0.021574,0.047443,0.037937,0.028431,0.018925,0.009419
2021-06-21,5690.65,0.021607,0.047443,0.037937,0.028431,0.018925,0.009419
2021-06-22,5725.3,0.021377,0.047443,0.037937,0.028431,0.018925,0.009419
2021-06-23,5760.18,0.021134,0.047443,0.037937,0.028431,0.018925,0.009419
2021-06-24,5745.76,0.021314,0.047443,0.037937,0.028431,0.018925,0.009419
2021-06-25,5812.08,0.020726,0.047443,0.037937,0.028431,0.018925,0.009419
2021-06-28,5839.27,0.020496,0.047443,0.037937,0.028431,0.018925,0.009419
2021-06-29,5785.5,0.020973,0.047443,0.037937,0.028431,0.018925,0.009419
2021-06-30,5834.19,0.020674,0.047443,0.037937,0.028431,0.018925,0.009419
2021-07-01,5801.89,0.020813,0.047443,0.037937,0.028431,0.018925,0.009419
2021-07-02,5687.29,0.021888,0.047443,0.037937,0.028431,0.018925,0.009419
2021-07-05,5720.74,0.021613,0.047443,0.037937,0.028431,0.018925,0.009419
2021-07-06,5710.24,0.021623,0.047443,0.037937,0.028431,0.018925,0.009419
2021-07-07,5781.48,0.021404,0.047443,0.037937,0.028431,0.018925,0.009419
2021-07-08,5748.98,0.02255,0.047443,0.037937,0.028431,0.018925,0.009419
2021-07-09,5752.11,0.02228,0.047443,0.037937,0.028431,0.018925,0.009419
2021-07-12,5839.9,0.02238,0.047443,0.037937,0.028431,0.018925,0.009419
2021-07-13,5861.07,0.022267,0.047443,0.037937,0.028431,0.018925,0.009419
2021-07-14,5798.98,0.022703,0.047443,0.037937,0.028431,0.018925,0.009419
2021-07-15,5845.15,0.022182,0.047443,0.037937,0.028431,0.018925,0.009419
2021-07-16,5795.53,0.022784,0.047443,0.037937,0.028431,0.018925,0.009419
2021-07-19,5798.31,0.022712,0.047443,0.037937,0.028431,0.018925,0.009419
2021-07-20,5805.93,0.022911,0.047443,0.037937,0.028431,0.018925,0.009419
2021-07-21,5875.68,0.022499,0.047443,0.037937,0.028431,0.018925,0.009419
2021-07-22,5898.53,0.022188,0.047443,0.037937,0.028431,0.018925,0.009419
2021-07-23,5833.64,0.022866,0.047443,0.037937,0.028431,0.018925,0.009419
2021-07-26,5694.92,0.024505,0.047443,0.037937,0.028431,0.018925,0.009419
2021-07-27,5517.65,0.025648,0.047443,0.037937,0.028431,0.018925,0.009419
2021-07-28,5481.89,0.025749,0.047443,0.037937,0.028431,0.018925,0.009419
2021-07-29,5618.94,0.025179,0.047443,0.037937,0.028431,0.018925,0.009419
2021-07-30,5607.75,0.025812,0.047443,0.037937,0.028431,0.018925,0.009419
2021-08-02,5727.72,0.024975,0.047443,0.037937,0.028431,0.018925,0.009419
2021-08-03,5699.81,0.025159,0.047443,0.037937,0.028431,0.018925,0.009419
2021-08-04,5780.62,0.024539,0.047443,0.037937,0.028431,0.018925,0.009419
2021-08-05,5748.75,0.025146,0.047443,0.037937,0.028431,0.018925,0.009419
2021-08-06,5738.2,0.02516,0.047443,0.037937,0.028431,0.018925,0.009419
2021-08-09,5785.83,0.024184,0.047443,0.037937,0.028431,0.018925,0.009419
2021-08-10,5837.26,0.023599,0.047443,0.037937,0.028431,0.018925,0.009419
2021-08-11,5841.8,0.023544,0.047443,0.037937,0.028431,0.018925,0.009419
2021-08-12,5824.18,0.02388,0.047443,0.037937,0.028431,0.018925,0.009419
2021-08-13,5804.73,0.023874,0.047443,0.037937,0.028431,0.018925,0.009419
2021-08-16,5779.83,0.024025,0.047443,0.037937,0.028431,0.018925,0.009419
2021-08-17,5646.55,0.025325,0.047443,0.037937,0.028431,0.018925,0.009419
2021-08-18,5703.63,0.025218,0.047443,0.037937,0.028431,0.018925,0.009419
2021-08-19,5694.73,0.025462,0.047443,0.037937,0.028431,0.018925,0.009419
2021-08-20,5626.24,0.026097,0.047443,0.037937,0.028431,0.018925,0.009419
2021-08-23,5730.8,0.025047,0.047443,0.037937,0.028431,0.018925,0.009419
2021-08-24,5786.15,0.024931,0.047443,0.037937,0.028431,0.018925,0.009419
2021-08-25,5816.81,0.024761,0.047443,0.037937,0.028431,0.018925,0.009419
2021-08-26,5733.42,0.025325,0.047443,0.037937,0.028431,0.018925,0.009419
2021-08-27,5757.15,0.025572,0.047443,0.037937,0.028431,0.018925,0.009419
2021-08-30,5762.84,0.026821,0.047443,0.037937,0.028431,0.018925,0.009419
2021-08-31,5759.26,0.027221,0.047443,0.037937,0.028431,0.018925,0.009419
2021-09-01,5761.87,0.027366,0.047443,0.037937,0.028431,0.018925,0.009419
2021-09-02,5798.48,0.027021,0.047443,0.037937,0.028431,0.018925,0.009419
2021-09-03,5767.88,0.027236,0.047443,0.037937,0.028431,0.018925,0.009419
2021-09-06,5861.81,0.026316,0.047443,0.037937,0.028431,0.018925,0.009419
2021-09-07,5943.95,0.025408,0.047443,0.037937,0.028431,0.018925,0.009419
2021-09-08,5943.76,0.025279,0.047443,0.037937,0.028431,0.018925,0.009419
2021-09-09,5954.42,0.025076,0.047443,0.037937,0.028431,0.018925,0.009419
2021-09-10,5980.36,0.024932,0.047443,0.037937,0.028431,0.018925,0.009419
2021-09-13,5981.76,0.024676,0.047443,0.037937,0.028431,0.018925,0.009419
2021-09-14,5920.57,0.025255,0.047443,0.037937,0.028431,0.018925,0.009419
2021-09-15,5910.01,0.025243,0.047443,0.037937,0.028431,0.018925,0.009419
2021-09-16,5807.1,0.026208,0.047443,0.037937,0.028431,0.018925,0.009419
2021-09-17,5827.81,0.026157,0.047443,0.037937,0.028431,0.018925,0.009419
2021-09-22,5824.67,0.026326,0.047443,0.037937,0.028431,0.018925,0.009419
2021-09-23,5854.08,0.026086,0.047443,0.037937,0.028431,0.018925,0.009419
2021-09-24,5807.96,0.026408,0.047443,0.037937,0.028431,0.018925,0.009419
2021-09-27,5743.8,0.026798,0.047443,0.037937,0.028431,0.018925,0.009419
2021-09-28,5752.75,0.026644,0.047443,0.037937,0.028431,0.018925,0.009419
2021-09-29,5639.47,0.027908,0.047443,0.037937,0.028431,0.018925,0.009419
2021-09-30,5723.46,0.027171,0.047443,0.037937,0.028431,0.018925,0.009419
2021-10-08,5769.29,0.026437,0.047443,0.037937,0.028431,0.018925,0.009419
2021-10-11,5757.89,0.026031,0.047443,0.037937,0.028431,0.018925,0.009419
2021-10-12,5668.45,0.026715,0.047443,0.037937,0.028431,0.018925,0.009419
2021-10-13,5723.25,0.026436,0.047443,0.037937,0.028431,0.018925,0.009419
2021-10-14,5725.21,0.026436,0.047443,0.037937,0.028431,0.018925,0.009419
2021-10-15,5740.99,0.026211,0.047443,0.037937,0.028431,0.018925,0.009419
2021-10-18,5736.73,0.025576,0.047443,0.037937,0.028431,0.018925,0.009419
2021-10-19,5785.59,0.025379,0.047443,0.037937,0.028431,0.018925,0.009419
2021-10-20,5779.11,0.025571,0.047443,0.037937,0.028431,0.018925,0.009419
2021-10-21,5782.98,0.025839,0.047443,0.037937,0.028431,0.018925,0.009419
2021-10-22,5775.44,0.025725,0.047443,0.037937,0.028431,0.018925,0.009419
2021-10-25,5820.16,0.025517,0.047443,0.037937,0.028431,0.018925,0.009419
2021-10-26,5801.98,0.025832,0.047443,0.037937,0.028431,0.018925,0.009419
2021-10-27,5739.81,0.026362,0.047443,0.037937,0.028431,0.018925,0.009419
2021-10-28,5668.07,0.027034,0.047443,0.037937,0.028431,0.018925,0.009419
2021-10-29,5740.29,0.026117,0.047443,0.037937,0.028431,0.018925,0.009419
2021-11-01,5752.86,0.026572,0.047443,0.037937,0.028431,0.018925,0.009419
2021-11-02,5694.34,0.027241,0.047443,0.037937,0.028431,0.018925,0.009419
2021-11-03,5688.08,0.027205,0.047443,0.037937,0.028431,0.018925,0.009419
2021-11-04,5749.67,0.026766,0.047443,0.037937,0.028431,0.018925,0.009419
2021-11-05,5702.48,0.027673,0.047443,0.037937,0.028431,0.018925,0.009419
2021-11-08,5724.72,0.027381,0.047443,0.037937,0.028431,0.018925,0.009419
2021-11-09,5755.41,0.027128,0.047443,0.037937,0.028431,0.018925,0.009419
2021-11-10,5736.36,0.02725,0.047443,0.037937,0.028431,0.018925,0.009419
2021-11-11,5806.49,0.026292,0.047443,0.037937,0.028431,0.018925,0.009419
2021-11-12,5821.34,0.0262,0.047443,0.037937,0.028431,0.018925,0.009419
2021-11-15,5806.09,0.026423,0.047443,0.037937,0.028431,0.018925,0.009419
2021-11-16,5781.86,0.026709,0.047443,0.037937,0.028431,0.018925,0.009419
2021-11-17,5825.66,0.026238,0.047443,0.037937,0.028431,0.018925,0.009419
2021-11-18,5787.9,0.026747,0.047443,0.037937,0.028431,0.018925,0.009419
2021-11-19,5853.57,0.025962,0.047443,0.037937,0.028431,0.018925,0.009419
2021-11-22,5914.58,0.025877,0.047443,0.037937,0.028431,0.018925,0.009419
2021-11-23,5913.53,0.025877,0.047443,0.037937,0.028431,0.018925,0.009419
2021-11-24,5911.98,0.026116,0.047443,0.037937,0.028431,0.018925,0.009419
2021-11-25,5897.33,0.026296,0.047443,0.037937,0.028431,0.018925,0.009419
2021-11-26,5876.02,0.026938,0.047443,0.037937,0.028431,0.018925,0.009419
2021-11-29,5887,0.026747,0.047443,0.037937,0.028431,0.018925,0.009419
2021-11-30,5891.45,0.026716,0.047443,0.037937,0.028431,0.018925,0.009419
2021-12-01,5906.55,0.026436,0.047443,0.037937,0.028431,0.018925,0.009419
2021-12-02,5887,0.026326,0.047443,0.037937,0.028431,0.018925,0.009419
2021-12-03,5935.4,0.025778,0.047443,0.037937,0.028431,0.018925,0.009419
2021-12-06,5887.77,0.026665,0.047443,0.037937,0.028431,0.018925,0.009419
2021-12-07,5869.69,0.026426,0.047443,0.037937,0.028431,0.018925,0.009419
2021-12-08,5960.45,0.025613,0.047443,0.037937,0.028431,0.018925,0.009419
2021-12-09,6015.09,0.025189,0.047443,0.037937,0.028431,0.018925,0.009419
2021-12-10,6008.62,0.025375,0.047443,0.037937,0.028431,0.018925,0.009419
2021-12-13,6043.28,0.023498,0.047443,0.037937,0.028431,0.018925,0.009419
2021-12-14,6021.94,0.023815,0.047443,0.037937,0.028431,0.018925,0.009419
2021-12-15,5992.05,0.024035,0.047443,0.037937,0.028431,0.018925,0.009419
2021-12-16,6031.25,0.02358,0.047443,0.037937,0.028431,0.018925,0.009419
2021-12-17,5951.29,0.024312,0.047443,0.037937,0.028431,0.018925,0.009419
2021-12-20,5860.27,0.025017,0.047443,0.037937,0.028431,0.018925,0.009419
2021-12-21,5918.82,0.024507,0.047443,0.037937,0.028431,0.018925,0.009419
2021-12-22,5937.93,0.024595,0.047443,0.037937,0.028431,0.018925,0.009419
2021-12-23,5959.16,0.024571,0.047443,0.037937,0.028431,0.018925,0.009419
2021-12-24,5896.64,0.024947,0.047443,0.037937,0.028431,0.018925,0.009419
2021-12-27,5897.16,0.025046,0.047443,0.037937,0.028431,0.018925,0.009419
2021-12-28,5939.42,0.024866,0.047443,0.037937,0.028431,0.018925,0.009419
2021-12-29,5885.31,0.025416,0.047443,0.037937,0.028431,0.018925,0.009419
2021-12-30,5935.27,0.025249,0.047443,0.037937,0.028431,0.018925,0.009419
2021-12-31,5969.8,0.02487,0.047443,0.037937,0.028431,0.018925,0.009419
2022-01-04,5958.74,0.024826,0.047443,0.037937,0.028431,0.018925,0.009419
2022-01-05,5868.58,0.025373,0.047443,0.037937,0.028431,0.018925,0.009419
2022-01-06,5855.53,0.025287,0.047443,0.037937,0.028431,0.018925,0.009419
2022-01-07,5811.61,0.025546,0.047443,0.037937,0.028431,0.018925,0.009419
2022-01-10,5839.64,0.025387,0.047443,0.037937,0.028431,0.018925,0.009419
2022-01-11,5787.49,0.025948,0.047443,0.037937,0.028431,0.018925,0.009419
2022-01-12,5857.31,0.025401,0.047443,0.037937,0.028431,0.018925,0.009419
2022-01-13,5768.85,0.026165,0.047443,0.037937,0.028431,0.018925,0.009419
2022-01-14,5746.23,0.026517,0.047443,0.037937,0.028431,0.018925,0.009419
2022-01-17,5814.11,0.026019,0.047443,0.037937,0.028431,0.018925,0.009419
2022-01-18,5823.33,0.026287,0.047443,0.037937,0.028431,0.018925,0.009419
2022-01-19,5784.12,0.026705,0.047443,0.037937,0.028431,0.018925,0.009419
2022-01-20,5756.52,0.026852,0.047443,0.037937,0.028431,0.018925,0.009419
2022-01-21,5695.02,0.027645,0.047443,0.037937,0.028431,0.018925,0.009419
2022-01-24,5704.39,0.027855,0.047443,0.037937,0.028431,0.018925,0.009419
2022-01-25,5531.88,0.029224,0.047443,0.037937,0.028431,0.018925,0.009419
2022-01-26,5568.44,0.028777,0.047443,0.037937,0.028431,0.018925,0.009419
2022-01-27,5433.24,0.029758,0.047443,0.037937,0.028431,0.018925,0.009419
2022-01-28,5405.91,0.03042,0.047443,0.037937,0.028431,0.018925,0.009419
2022-02-07,5484.44,0.029177,0.047443,0.037937,0.028431,0.018925,0.009419
2022-02-08,5490.48,0.029055,0.047443,0.037937,0.028431,0.018925,0.009419
2022-02-09,5560.69,0.028359,0.047443,0.037937,0.028431,0.018925,0.009419
2022-02-10,5544.29,0.028421,0.047443,0.037937,0.028431,0.018925,0.009419
2022-02-11,5471.57,0.028354,0.047443,0.037937,0.028431,0.018925,0.009419
2022-02-14,5432.64,0.028733,0.047443,0.037937,0.028431,0.018925,0.009419
2022-02-15,5490.89,0.028317,0.047443,0.037937,0.028431,0.018925,0.009419
2022-02-16,5522.11,0.028102,0.047443,0.037937,0.028431,0.018925,0.009419
2022-02-17,5532.49,0.028139,0.047443,0.037937,0.028431,0.018925,0.009419
2022-02-18,5564.38,0.027597,0.047443,0.037937,0.028431,0.018925,0.009419
2022-02-21,5582.13,0.027205,0.047443,0.037937,0.028431,0.018925,0.009419
2022-02-22,5518.63,0.027896,0.047443,0.037937,0.028431,0.018925,0.009419
2022-02-23,5601.32,0.027543,0.047443,0.037937,0.028431,0.018925,0.009419
2022-02-24,5483.35,0.02864,0.047443,0.037937,0.028431,0.018925,0.009419
2022-02-25,5536.75,0.028296,0.047443,0.037937,0.028431,0.018925,0.009419
2022-02-28,5554.68,0.028108,0.047443,0.037937,0.028431,0.018925,0.009419
2022-03-01,5588.58,0.027566,0.047443,0.037937,0.028431,0.018925,0.009419
2022-03-02,5564.6,0.027552,0.047443,0.037937,0.028431,0.018925,0.009419
2022-03-03,5532.53,0.027639,0.047443,0.037937,0.028431,0.018925,0.009419
2022-03-04,5464.87,0.02844,0.047443,0.037937,0.028431,0.018925,0.009419
2022-03-07,5323.15,0.029817,0.047443,0.037937,0.028431,0.018925,0.009419
2022-03-08,5184.96,0.031097,0.047443,0.037937,0.028431,0.018925,0.009419
2022-03-09,5128.01,0.031676,0.047443,0.037937,0.028431,0.018925,0.009419
2022-03-10,5220.5,0.030686,0.047443,0.037937,0.028431,0.018925,0.009419
2022-03-11,5248.11,0.031008,0.047443,0.037937,0.028431,0.018925,0.009419
2022-03-14,5098.41,0.032816,0.047443,0.037937,0.028431,0.018925,0.009419
2022-03-15,4854.05,0.03532,0.047443,0.037937,0.028431,0.018925,0.009419
2022-03-16,5040.99,0.033333,0.047443,0.037937,0.028431,0.018925,0.009419
2022-03-17,5135.63,0.032432,0.047443,0.037937,0.028431,0.018925,0.009419
2022-03-18,5179.14,0.03164,0.047443,0.037937,0.028431,0.018925,0.009419
2022-03-21,5200.6,0.031369,0.047443,0.037937,0.028431,0.018925,0.009419
2022-03-22,5191.67,0.031133,0.047443,0.037937,0.028431,0.018925,0.009419
2022-03-23,5216.87,0.030816,0.047443,0.037937,0.028431,0.018925,0.009419
2022-03-24,5174.91,0.031369,0.047443,0.037937,0.028431,0.018925,0.009419
2022-03-25,5103.07,0.032295,0.047443,0.037937,0.028431,0.018925,0.009419
2022-03-28,5078.44,0.032505,0.047443,0.037937,0.028431,0.018925,0.009419
2022-03-29,5053.11,0.032836,0.047443,0.037937,0.028431,0.018925,0.009419
2022-03-30,5174.75,0.031805,0.047443,0.037937,0.028431,0.018925,0.009419
2022-03-31,5134.62,0.03207,0.047443,0.037937,0.028431,0.018925,0.009419
2022-04-01,5170.98,0.031912,0.047443,0.037937,0.028431,0.018925,0.009419
2022-04-06,5167.55,0.031941,0.047443,0.037937,0.028431,0.018925,0.009419
2022-04-07,5076.52,0.033081,0.047443,0.037937,0.028431,0.018925,0.009419
2022-04-08,5078,0.032871,0.047443,0.037937,0.028431,0.018925,0.009419
2022-04-11,4916.17,0.03436,0.047443,0.037937,0.028431,0.018925,0.009419
2022-04-12,5001.97,0.033409,0.047443,0.037937,0.028431,0.018925,0.009419
2022-04-13,4933.02,0.034153,0.047443,0.037937,0.028431,0.018925,0.009419
2022-04-14,4993.45,0.033372,0.047443,0.037937,0.028431,0.018925,0.009419
2022-04-15,4957.72,0.034077,0.047443,0.037937,0.028431,0.018925,0.009419
2022-04-18,4957.23,0.033765,0.047443,0.037937,0.028431,0.018925,0.009419
2022-04-19,4947.55,0.033665,0.047443,0.037937,0.028431,0.018925,0.009419
2022-04-20,4867.24,0.03442,0.047443,0.037937,0.028431,0.018925,0.009419
2022-04-21,4731.33,0.035874,0.047443,0.037937,0.028431,0.018925,0.009419
2022-04-22,4718.91,0.035732,0.047443,0.037937,0.028431,0.018925,0.009419
2022-04-25,4432.89,0.039417,0.047443,0.037937,0.028431,0.018925,0.009419
2022-04-26,4351.27,0.040247,0.047443,0.037937,0.028431,0.018925,0.009419
2022-04-27,4503.95,0.038309,0.047443,0.037937,0.028431,0.018925,0.009419
2022-04-28,4501.36,0.038074,0.047443,0.037937,0.028431,0.018925,0.009419
2022-04-29,4647.02,0.035897,0.047443,0.037937,0.028431,0.018925,0.009419
2022-05-05,4676.85,0.034067,0.047443,0.037937,0.028431,0.018925,0.009419
2022-05-06,4580.55,0.0353,0.047443,0.037937,0.028431,0.018925,0.009419
2022-05-09,4587.44,0.03532,0.047443,0.037937,0.028431,0.018925,0.009419
2022-05-10,4651.72,0.034661,0.047443,0.037937,0.028431,0.018925,0.009419
2022-05-11,4703.87,0.034012,0.047443,0.037937,0.028431,0.018925,0.009419
2022-05-12,4704.52,0.034113,0.047443,0.037937,0.028431,0.018925,0.009419
2022-05-13,4739.19,0.03365,0.047443,0.037937,0.028431,0.018925,0.009419
2022-05-16,4721.8,0.033742,0.047443,0.037937,0.028431,0.018925,0.009419
2022-05-17,4759.94,0.033321,0.047443,0.037937,0.028431,0.018925,0.009419
2022-05-18,4755.46,0.033799,0.047443,0.037937,0.028431,0.018925,0.009419
2022-05-19,4778.54,0.033572,0.047443,0.037937,0.028431,0.018925,0.009419
2022-05-20,4857.26,0.032542,0.047443,0.037937,0.028431,0.018925,0.009419
2022-05-23,4868.52,0.032633,0.047443,0.037937,0.028431,0.018925,0.009419
2022-05-24,4714.13,0.034322,0.047443,0.037937,0.028431,0.018925,0.009419
2022-05-25,4769.14,0.033735,0.047443,0.037937,0.028431,0.018925,0.009419
2022-05-26,4792.16,0.033938,0.047443,0.037937,0.028431,0.018925,0.009419
2022-05-27,4795.29,0.033964,0.047443,0.037937,0.028431,0.018925,0.009419
2022-05-30,4834.67,0.033356,0.047443,0.037937,0.028431,0.018925,0.009419
2022-05-31,4901.99,0.032392,0.047443,0.037937,0.028431,0.018925,0.009419
2022-06-01,4904.74,0.032191,0.047443,0.037937,0.028431,0.018925,0.009419
2022-06-02,4931.21,0.031941,0.047443,0.037937,0.028431,0.018925,0.009419
2022-06-06,5027.55,0.030797,0.047443,0.037937,0.028431,0.018925,0.009419
2022-06-07,5031.34,0.030929,0.047443,0.037937,0.028431,0.018925,0.009419
2022-06-08,5061.66,0.030487,0.047443,0.037937,0.028431,0.018925,0.009419
2022-06-09,4994.07,0.031205,0.047443,0.037937,0.028431,0.018925,0.009419
2022-06-10,5079.69,0.030418,0.047443,0.037937,0.028431,0.018925,0.009419
2022-06-13,5058.04,0.031453,0.047443,0.037937,0.028431,0.018925,0.009419
2022-06-14,5084.09,0.031035,0.047443,0.037937,0.028431,0.018925,0.009419
2022-06-15,5111.96,0.03066,0.047443,0.037937,0.028431,0.018925,0.009419
2022-06-16,5107.8,0.030897,0.047443,0.037937,0.028431,0.018925,0.009419
2022-06-17,5165.79,0.030252,0.047443,0.037937,0.028431,0.018925,0.009419
2022-06-20,5200.68,0.029916,0.047443,0.037937,0.028431,0.018925,0.009419
2022-06-21,5177.68,0.030084,0.047443,0.037937,0.028431,0.018925,0.009419
2022-06-22,5111.06,0.0309,0.047443,0.037937,0.028431,0.018925,0.009419
2022-06-23,5208.37,0.029916,0.047443,0.037937,0.028431,0.018925,0.009419
2022-06-24,5269.81,0.029187,0.047443,0.037937,0.028431,0.018925,0.009419
2022-06-27,5322.66,0.028304,0.047443,0.037937,0.028431,0.018925,0.009419
2022-06-28,5386.11,0.027696,0.047443,0.037937,0.028431,0.018925,0.009419
2022-06-29,5281.53,0.028724,0.047443,0.037937,0.028431,0.018925,0.009419
2022-06-30,5350.83,0.028181,0.047443,0.037937,0.028431,0.018925,0.009419
2022-07-01,5336.14,0.02824,0.047443,0.037937,0.028431,0.018925,0.009419
2022-07-04,5381.56,0.027728,0.047443,0.037937,0.028431,0.018925,0.009419
2022-07-05,5364.21,0.027986,0.047443,0.037937,0.028431,0.018925,0.009419
2022-07-06,5293.9,0.028591,0.047443,0.037937,0.028431,0.018925,0.009419
2022-07-07,5329.09,0.028301,0.047443,0.037937,0.028431,0.018925,0.009419
2022-07-08,5308.52,0.028527,0.047443,0.037937,0.028431,0.018925,0.009419
2022-07-11,5231.29,0.029349,0.047443,0.037937,0.028431,0.018925,0.009419
2022-07-12,5167.81,0.030222,0.047443,0.037937,0.028431,0.018925,0.009419
2022-07-13,5194.87,0.029985,0.047443,0.037937,0.028431,0.018925,0.009419
2022-07-14,5215.73,0.030084,0.047443,0.037937,0.028431,0.018925,0.009419
2022-07-15,5133.32,0.031043,0.047443,0.037937,0.028431,0.018925,0.009419
2022-07-18,5210.42,0.030252,0.047443,0.037937,0.028431,0.018925,0.009419
2022-07-19,5214.09,0.030118,0.047443,0.037937,0.028431,0.018925,0.009419
2022-07-20,5252.89,0.029917,0.047443,0.037937,0.028431,0.018925,0.009419
2022-07-21,5206.88,0.03052,0.047443,0.037937,0.028431,0.018925,0.009419
2022-07-22,5194.89,0.030321,0.047443,0.037937,0.028431,0.018925,0.009419
2022-07-25,5151.87,0.030831,0.047443,0.037937,0.028431,0.018925,0.009419
2022-07-26,5201.61,0.03042,0.047443,0.037937,0.028431,0.018925,0.009419
2022-07-27,5209.35,0.03042,0.047443,0.037937,0.028431,0.018925,0.009419
2022-07-28,5224.38,0.030084,0.047443,0.037937,0.028431,0.018925,0.009419
2022-07-29,5174.98,0.030894,0.047443,0.037937,0.028431,0.018925,0.009419
2022-08-01,5206.5,0.030889,0.047443,0.037937,0.028431,0.018925,0.009419
2022-08-02,5069.12,0.03235,0.047443,0.037937,0.028431,0.018925,0.009419
2022-08-03,5026.75,0.032954,0.047443,0.037937,0.028431,0.018925,0.009419
2022-08-04,5069.67,0.03245,0.047443,0.037937,0.028431,0.018925,0.009419
2022-08-05,5142.27,0.03161,0.047443,0.037937,0.028431,0.018925,0.009419
2022-08-08,5169.24,0.031267,0.047443,0.037937,0.028431,0.018925,0.009419
2022-08-09,5184.38,0.031164,0.047443,0.037937,0.028431,0.018925,0.009419
2022-08-10,5158.4,0.031475,0.047443,0.037937,0.028431,0.018925,0.009419
2022-08-11,5245.26,0.030619,0.047443,0.037937,0.028431,0.018925,0.009419
2022-08-12,5228.89,0.030821,0.047443,0.037937,0.028431,0.018925,0.009419
2022-08-15,5241.73,0.031558,0.047443,0.037937,0.028431,0.018925,0.009419
2022-08-16,5254.11,0.031758,0.047443,0.037937,0.028431,0.018925,0.009419
2022-08-17,5284.56,0.031623,0.047443,0.037937,0.028431,0.018925,0.009419
2022-08-18,5265.72,0.032227,0.047443,0.037937,0.028431,0.018925,0.009419
2022-08-19,5209.72,0.032637,0.047443,0.037937,0.028431,0.018925,0.009419
2022-08-22,5250.74,0.032228,0.047443,0.037937,0.028431,0.018925,0.009419
2022-08-23,5245.85,0.032162,0.047443,0.037937,0.028431,0.018925,0.009419
2022-08-24,5110.53,0.03345,0.047443,0.037937,0.028431,0.018925,0.009419
2022-08-25,5127.57,0.032829,0.047443,0.037937,0.028431,0.018925,0.009419
2022-08-26,5109.44,0.033077,0.047443,0.037937,0.028431,0.018925,0.009419
2022-08-29,5112.72,0.033207,0.047443,0.037937,0.028431,0.018925,0.009419
2022-08-30,5089.1,0.033379,0.047443,0.037937,0.028431,0.018925,0.009419
2022-08-31,5017.15,0.033707,0.047443,0.037937,0.028431,0.018925,0.009419
2022-09-01,4983.7,0.03417,0.047443,0.037937,0.028431,0.018925,0.009419
2022-09-02,4994.81,0.033997,0.047443,0.037937,0.028431,0.018925,0.009419
2022-09-05,4999.18,0.033815,0.047443,0.037937,0.028431,0.018925,0.009419
2022-09-06,5066.94,0.033237,0.047443,0.037937,0.028431,0.018925,0.009419
2022-09-07,5080.88,0.032996,0.047443,0.037937,0.028431,0.018925,0.009419
2022-09-08,5048.68,0.033177,0.047443,0.037937,0.028431,0.018925,0.009419
2022-09-09,5087.47,0.032584,0.047443,0.037937,0.028431,0.018925,0.009419
2022-09-13,5097.08,0.032514,0.047443,0.037937,0.028431,0.018925,0.009419
2022-09-14,5044.05,0.032876,0.047443,0.037937,0.028431,0.018925,0.009419
2022-09-15,4951.87,0.03374,0.047443,0.037937,0.028431,0.018925,0.009419
2022-09-16,4836.37,0.035022,0.047443,0.037937,0.028431,0.018925,0.009419
2022-09-19,4808.79,0.03519,0.047443,0.037937,0.028431,0.018925,0.009419
2022-09-20,4842.25,0.035084,0.047443,0.037937,0.028431,0.018925,0.009419
2022-09-21,4828.52,0.0353,0.047443,0.037937,0.028431,0.018925,0.009419
2022-09-22,4803.13,0.035569,0.047443,0.037937,0.028431,0.018925,0.009419
2022-09-23,4750.71,0.035695,0.047443,0.037937,0.028431,0.018925,0.009419
2022-09-26,4705.37,0.035925,0.047443,0.037937,0.028431,0.018925,0.009419
2022-09-27,4788.62,0.035042,0.047443,0.037937,0.028431,0.018925,0.009419
2022-09-28,4680.74,0.035884,0.047443,0.037937,0.028431,0.018925,0.009419
2022-09-29,4676.93,0.035864,0.047443,0.037937,0.028431,0.018925,0.009419
2022-09-30,4631.68,0.03625,0.047443,0.037937,0.028431,0.018925,0.009419
2022-10-10,4537.69,0.037535,0.047443,0.037937,0.028431,0.018925,0.009419
2022-10-11,4559.23,0.037324,0.047443,0.037937,0.028431,0.018925,0.009419
2022-10-12,4655.92,0.036167,0.047443,0.037937,0.028431,0.018925,0.009419
2022-10-13,4651.48,0.03639,0.047443,0.037937,0.028431,0.018925,0.009419
2022-10-14,4762.02,0.035493,0.047443,0.037937,0.028431,0.018925,0.009419
2022-10-17,4790.52,0.035259,0.047443,0.037937,0.028431,0.018925,0.009419
2022-10-18,4795.51,0.035298,0.047443,0.037937,0.028431,0.018925,0.009419
2022-10-19,4736.7,0.036026,0.047443,0.037937,0.028431,0.018925,0.009419
2022-10-20,4711.96,0.036247,0.047443,0.037937,0.028431,0.018925,0.009419
2022-10-21,4706.91,0.036227,0.047443,0.037937,0.028431,0.018925,0.009419
2022-10-24,4613.74,0.037694,0.047443,0.037937,0.028431,0.018925,0.009419
2022-10-25,4603.81,0.037848,0.047443,0.037937,0.028431,0.018925,0.009419
2022-10-26,4666.43,0.03756,0.047443,0.037937,0.028431,0.018925,0.009419
2022-10-27,4640.72,0.037728,0.047443,0.037937,0.028431,0.018925,0.009419
2022-10-28,4503.14,0.039716,0.047443,0.037937,0.028431,0.018925,0.009419
2022-10-31,4500.13,0.039667,0.047443,0.037937,0.028431,0.018925,0.009419
2022-11-01,4634.42,0.037714,0.047443,0.037937,0.028431,0.018925,0.009419
2022-11-02,4692.07,0.036712,0.047443,0.037937,0.028431,0.018925,0.009419
2022-11-03,4683.03,0.036976,0.047443,0.037937,0.028431,0.018925,0.009419
2022-11-04,4808.23,0.03522,0.047443,0.037937,0.028431,0.018925,0.009419
2022-11-07,4820.8,0.035065,0.047443,0.037937,0.028431,0.018925,0.009419
2022-11-08,4800.07,0.035399,0.047443,0.037937,0.028431,0.018925,0.009419
2022-11-09,4774.9,0.035611,0.047443,0.037937,0.028431,0.018925,0.009419
2022-11-10,4740.97,0.035967,0.047443,0.037937,0.028431,0.018925,0.009419
2022-11-11,4817.24,0.034624,0.047443,0.037937,0.028431,0.018925,0.009419
2022-11-14,4810.85,0.033695,0.047443,0.037937,0.028431,0.018925,0.009419
2022-11-15,4905.34,0.032869,0.047443,0.037937,0.028431,0.018925,0.009419
2022-11-16,4872.57,0.033107,0.047443,0.037937,0.028431,0.018925,0.009419
2022-11-17,4869.63,0.033484,0.047443,0.037937,0.028431,0.018925,0.009419
2022-11-18,4842.81,0.033449,0.047443,0.037937,0.028431,0.018925,0.009419
2022-11-21,4831.03,0.033742,0.047443,0.037937,0.028431,0.018925,0.009419
2022-11-22,4798.73,0.033757,0.047443,0.037937,0.028431,0.018925,0.009419
2022-11-23,4792.97,0.034058,0.047443,0.037937,0.028431,0.018925,0.009419
2022-11-24,4789.02,0.034136,0.047443,0.037937,0.028431,0.018925,0.009419
2022-11-25,4777.88,0.03368,0.047443,0.037937,0.028431,0.018925,0.009419
2022-11-28,4743.22,0.033805,0.047443,0.037937,0.028431,0.018925,0.009419
2022-11-29,4855.44,0.03223,0.047443,0.037937,0.028431,0.018925,0.009419
2022-11-30,4857.84,0.032018,0.047443,0.037937,0.028431,0.018925,0.009419
2022-12-01,4902.41,0.031949,0.047443,0.037937,0.028431,0.018925,0.009419
2022-12-02,4893.82,0.031996,0.047443,0.037937,0.028431,0.018925,0.009419
2022-12-05,4956.84,0.030815,0.047443,0.037937,0.028431,0.018925,0.009419
2022-12-06,4963.62,0.030444,0.047443,0.037937,0.028431,0.018925,0.009419
2022-12-07,4957.98,0.031123,0.047443,0.037937,0.028431,0.018925,0.009419
2022-12-08,4947.63,0.03103,0.047443,0.037937,0.028431,0.018925,0.009419
2022-12-09,4973.35,0.03078,0.047443,0.037937,0.028431,0.018925,0.009419
2022-12-12,4936.63,0.03132,0.047443,0.037937,0.028431,0.018925,0.009419
2022-12-13,4917.09,0.031328,0.047443,0.037937,0.028431,0.018925,0.009419
2022-12-14,4913.74,0.031666,0.047443,0.037937,0.028431,0.018925,0.009419
2022-12-15,4919.81,0.031602,0.047443,0.037937,0.028431,0.018925,0.009419
2022-12-16,4897.95,0.031648,0.047443,0.037937,0.028431,0.018925,0.009419
2022-12-19,4806.92,0.033072,0.047443,0.037937,0.028431,0.018925,0.009419
2022-12-20,4749.95,0.033665,0.047443,0.037937,0.028431,0.018925,0.009419
2022-12-21,4733.77,0.033922,0.047443,0.037937,0.028431,0.018925,0.009419
2022-12-22,4703.35,0.034338,0.047443,0.037937,0.028431,0.018925,0.009419
2022-12-23,4689.82,0.034698,0.047443,0.037937,0.028431,0.018925,0.009419
2022-12-26,4739.47,0.034084,0.047443,0.037937,0.028431,0.018925,0.009419
2022-12-27,4782.14,0.033201,0.047443,0.037937,0.028431,0.018925,0.009419
2022-12-28,4751.54,0.03371,0.047443,0.037937,0.028431,0.018925,0.009419
2022-12-29,4737.12,0.034084,0.047443,0.037937,0.028431,0.018925,0.009419
2022-12-30,4756.62,0.033811,0.047443,0.037937,0.028431,0.018925,0.009419
2023-01-03,4815.92,0.033283,0.047443,0.037937,0.028431,0.018925,0.009419
2023-01-04,4821.47,0.03327,0.047443,0.037937,0.028431,0.018925,0.009419
2023-01-05,4887.54,0.032361,0.047443,0.037937,0.028431,0.018925,0.009419
2023-01-06,4895.24,0.032287,0.047443,0.037937,0.028431,0.018925,0.009419
2023-01-09,4928.5,0.031821,0.047443,0.037937,0.028431,0.018925,0.009419
2023-01-10,4932.2,0.031657,0.047443,0.037937,0.028431,0.018925,0.009419
2023-01-11,4909.22,0.031839,0.047443,0.037937,0.028431,0.018925,0.009419
2023-01-12,4914.2,0.031529,0.047443,0.037937,0.028431,0.018925,0.009419
2023-01-13,4959.14,0.030787,0.047443,0.037937,0.028431,0.018925,0.009419
2023-01-16,5023.43,0.029985,0.047443,0.037937,0.028431,0.018925,0.009419
2023-01-17,5022.05,0.030255,0.047443,0.037937,0.028431,0.018925,0.009419
2023-01-18,5025.95,0.029985,0.047443,0.037937,0.028431,0.018925,0.009419
2023-01-19,5059.34,0.029771,0.047443,0.037937,0.028431,0.018925,0.009419
2023-01-20,5096.78,0.029124,0.047443,0.037937,0.028431,0.018925,0.009419
2023-01-30,5132.83,0.029052,0.047443,0.037937,0.028431,0.018925,0.009419
2023-01-31,5112.41,0.029355,0.047443,0.037937,0.028431,0.018925,0.009419
2023-02-01,5175.55,0.028615,0.047443,0.037937,0.028431,0.018925,0.009419
2023-02-02,5172.52,0.028749,0.047443,0.037937,0.028431,0.018925,0.009419
2023-02-03,5143.68,0.02915,0.047443,0.037937,0.028431,0.018925,0.009419
2023-02-06,5100.22,0.029629,0.047443,0.037937,0.028431,0.018925,0.009419
2023-02-07,5117.06,0.029321,0.047443,0.037937,0.028431,0.018925,0.009419
2023-02-08,5089.44,0.029595,0.047443,0.037937,0.028431,0.018925,0.009419
2023-02-09,5160.82,0.028982,0.047443,0.037937,0.028431,0.018925,0.009419
2023-02-10,5139.43,0.029084,0.047443,0.037937,0.028431,0.018925,0.009419
2023-02-13,5188.13,0.028682,0.047443,0.037937,0.028431,0.018925,0.009419
2023-02-14,5192.17,0.028616,0.047443,0.037937,0.028431,0.018925,0.009419
2023-02-15,5180.86,0.028749,0.047443,0.037937,0.028431,0.018925,0.009419
2023-02-16,5109.81,0.029421,0.047443,0.037937,0.028431,0.018925,0.009419
2023-02-17,5054.77,0.029936,0.047443,0.037937,0.028431,0.018925,0.009419
2023-02-20,5152,0.028515,0.047443,0.037937,0.028431,0.018925,0.009419
2023-02-21,5171.26,0.028283,0.047443,0.037937,0.028431,0.018925,0.009419
2023-02-22,5149.38,0.028549,0.047443,0.037937,0.028431,0.018925,0.009419
2023-02-23,5139.31,0.028649,0.047443,0.037937,0.028431,0.018925,0.009419
2023-02-24,5105.6,0.029085,0.047443,0.037937,0.028431,0.018925,0.009419
2023-02-27,5076.6,0.029358,0.047443,0.037937,0.028431,0.018925,0.009419
2023-02-28,5115.27,0.029017,0.047443,0.037937,0.028431,0.018925,0.009419
2023-03-01,5169.95,0.028384,0.047443,0.037937,0.028431,0.018925,0.009419
2023-03-02,5154.21,0.02835,0.047443,0.037937,0.028431,0.018925,0.009419
2023-03-03,5161.79,0.02822,0.047443,0.037937,0.028431,0.018925,0.009419
2023-03-06,5154.66,0.028453,0.047443,0.037937,0.028431,0.018925,0.009419
2023-03-07,5066.12,0.02935,0.047443,0.037937,0.028431,0.018925,0.009419
2023-03-08,5071.47,0.029217,0.047443,0.037937,0.028431,0.018925,0.009419
2023-03-09,5061.66,0.029318,0.047443,0.037937,0.028431,0.018925,0.009419
2023-03-10,4993.51,0.030376,0.047443,0.037937,0.028431,0.018925,0.009419
2023-03-13,5031.03,0.029621,0.047443,0.037937,0.028431,0.018925,0.009419
2023-03-14,4989.8,0.030067,0.047443,0.037937,0.028431,0.018925,0.009419
2023-03-15,5007.39,0.029792,0.047443,0.037937,0.028431,0.018925,0.009419
2023-03-16,4937.71,0.03048,0.047443,0.037937,0.028431,0.018925,0.009419
2023-03-17,4967.68,0.030064,0.047443,0.037937,0.028431,0.018925,0.009419
2023-03-20,4948.42,0.030511,0.047443,0.037937,0.028431,0.018925,0.009419
2023-03-21,5009.77,0.029824,0.047443,0.037937,0.028431,0.018925,0.009419
2023-03-22,5034.08,0.02962,0.047443,0.037937,0.028431,0.018925,0.009419
2023-03-23,5065.68,0.029149,0.047443,0.037937,0.028431,0.018925,0.009419
2023-03-24,5060.34,0.02935,0.047443,0.037937,0.028431,0.018925,0.009419
2023-03-27,5055.62,0.029688,0.047443,0.037937,0.028431,0.018925,0.009419
2023-03-28,5027.03,0.029722,0.047443,0.037937,0.028431,0.018925,0.009419
2023-03-29,5021.84,0.029992,0.047443,0.037937,0.028431,0.018925,0.009419
2023-03-30,5040.63,0.030098,0.047443,0.037937,0.028431,0.018925,0.009419
2023-03-31,5074.03,0.029652,0.047443,0.037937,0.028431,0.018925,0.009419
2023-04-03,5128.98,0.028949,0.047443,0.037937,0.028431,0.018925,0.009419
2023-04-04,5125.26,0.028718,0.047443,0.037937,0.028431,0.018925,0.009419
2023-04-06,5123.78,0.028751,0.047443,0.037937,0.028431,0.018925,0.009419
2023-04-07,5162.81,0.028524,0.047443,0.037937,0.028431,0.018925,0.009419
2023-04-10,5121.36,0.028785,0.047443,0.037937,0.028431,0.018925,0.009419
2023-04-11,5124.77,0.029184,0.047443,0.037937,0.028431,0.018925,0.009419
2023-04-12,5139.65,0.028922,0.047443,0.037937,0.028431,0.018925,0.009419
2023-04-13,5105.75,0.029051,0.047443,0.037937,0.028431,0.018925,0.009419
2023-04-14,5131.82,0.028724,0.047443,0.037937,0.028431,0.018925,0.009419
2023-04-17,5168.22,0.027854,0.047443,0.037937,0.028431,0.018925,0.009419
2023-04-18,5167.22,0.027702,0.047443,0.037937,0.028431,0.018925,0.009419
2023-04-19,5134.1,0.028113,0.047443,0.037937,0.028431,0.018925,0.009419
2023-04-20,5123.43,0.027986,0.047443,0.037937,0.028431,0.018925,0.009419
2023-04-21,5003.55,0.029249,0.047443,0.037937,0.028431,0.018925,0.009419
2023-04-24,4959.07,0.029649,0.047443,0.037937,0.028431,0.018925,0.009419
2023-04-25,4902.1,0.030259,0.047443,0.037937,0.028431,0.018925,0.009419
2023-04-26,4915.13,0.030496,0.047443,0.037937,0.028431,0.018925,0.009419
2023-04-27,4932.27,0.030697,0.047443,0.037937,0.028431,0.018925,0.009419
2023-04-28,4998.81,0.029983,0.047443,0.037937,0.028431,0.018925,0.009419
2023-05-04,5010.52,0.029295,0.047443,0.037937,0.028431,0.018925,0.009419
2023-05-05,4976.58,0.029889,0.047443,0.037937,0.028431,0.018925,0.009419
2023-05-08,5021.7,0.028786,0.047443,0.037937,0.028431,0.018925,0.009419
2023-05-09,4965.36,0.02956,0.047443,0.037937,0.028431,0.018925,0.009419
2023-05-10,4951.69,0.030186,0.047443,0.037937,0.028431,0.018925,0.009419
2023-05-11,4950.45,0.030519,0.047443,0.037937,0.028431,0.018925,0.009419
2023-05-12,4888.84,0.031089,0.047443,0.037937,0.028431,0.018925,0.009419
2023-05-15,4948.33,0.030318,0.047443,0.037937,0.028431,0.018925,0.009419
2023-05-16,4913.2,0.030819,0.047443,0.037937,0.028431,0.018925,0.009419
2023-05-17,4916.86,0.03082,0.047443,0.037937,0.028431,0.018925,0.009419
2023-05-18,4924.36,0.030585,0.047443,0.037937,0.028431,0.018925,0.009419
2023-05-19,4916.98,0.030752,0.047443,0.037937,0.028431,0.018925,0.009419
2023-05-22,4934.47,0.030618,0.047443,0.037937,0.028431,0.018925,0.009419
2023-05-23,4873.94,0.031565,0.047443,0.037937,0.028431,0.018925,0.009419
2023-05-24,4833.62,0.032226,0.047443,0.037937,0.028431,0.018925,0.009419
2023-05-25,4824.01,0.032231,0.047443,0.037937,0.028431,0.018925,0.009419
2023-05-26,4841.93,0.03195,0.047443,0.037937,0.028431,0.018925,0.009419
2023-05-29,4824.92,0.032016,0.047443,0.037937,0.028431,0.018925,0.009419
2023-05-30,4841.24,0.031876,0.047443,0.037937,0.028431,0.018925,0.009419
2023-05-31,4814.79,0.032327,0.047443,0.037937,0.028431,0.018925,0.009419
2023-06-01,4825.01,0.032287,0.047443,0.037937,0.028431,0.018925,0.009419
2023-06-02,4877.55,0.031842,0.047443,0.037937,0.028431,0.018925,0.009419
2023-06-05,4871.86,0.031908,0.047443,0.037937,0.028431,0.018925,0.009419
2023-06-06,4799.35,0.032745,0.047443,0.037937,0.028431,0.018925,0.009419
2023-06-07,4794.77,0.032781,0.047443,0.037937,0.028431,0.018925,0.009419
2023-06-08,4799.24,0.032568,0.047443,0.037937,0.028431,0.018925,0.009419
2023-06-09,4827,0.032317,0.047443,0.037937,0.028431,0.018925,0.009419
2023-06-12,4844.86,0.032005,0.047443,0.037937,0.028431,0.018925,0.009419
2023-06-13,4866.3,0.03237,0.047443,0.037937,0.028431,0.018925,0.009419
2023-06-14,4870.51,0.032404,0.047443,0.037937,0.028431,0.018925,0.009419
2023-06-15,4921.72,0.03159,0.047443,0.037937,0.028431,0.018925,0.009419
2023-06-16,4965.48,0.03112,0.047443,0.037937,0.028431,0.018925,0.009419
2023-06-19,4949.89,0.031054,0.047443,0.037937,0.028431,0.018925,0.009419
2023-06-20,4941.42,0.031391,0.047443,0.037937,0.028431,0.018925,0.009419
2023-06-21,4853.02,0.032352,0.047443,0.037937,0.028431,0.018925,0.009419
2023-06-26,4770.78,0.033276,0.047443,0.037937,0.028431,0.018925,0.009419
2023-06-27,4828.32,0.032528,0.047443,0.037937,0.028431,0.018925,0.009419
2023-06-28,4815.63,0.032633,0.047443,0.037937,0.028431,0.018925,0.009419
2023-06-29,4818.68,0.03287,0.047443,0.037937,0.028431,0.018925,0.009419
2023-06-30,4859.89,0.032514,0.047443,0.037937,0.028431,0.018925,0.009419
2023-07-03,4900.64,0.031895,0.047443,0.037937,0.028431,0.018925,0.009419
2023-07-04,4914.69,0.031658,0.047443,0.037937,0.028431,0.018925,0.009419
2023-07-05,4877.96,0.032203,0.047443,0.037937,0.028431,0.018925,0.009419
2023-07-06,4856.98,0.03248,0.047443,0.037937,0.028431,0.018925,0.009419
2023-07-07,4831.17,0.032724,0.047443,0.037937,0.028431,0.018925,0.009419
2023-07-10,4845.36,0.032584,0.047443,0.037937,0.028431,0.018925,0.009419
2023-07-11,4879.53,0.032203,0.047443,0.037937,0.028431,0.018925,0.009419
2023-07-12,4830.43,0.032759,0.047443,0.037937,0.028431,0.018925,0.009419
2023-07-13,4891.43,0.031997,0.047443,0.037937,0.028431,0.018925,0.009419
2023-07-14,4889.74,0.032031,0.047443,0.037937,0.028431,0.018925,0.009419
2023-07-17,4862.88,0.032445,0.047443,0.037937,0.028431,0.018925,0.009419
2023-07-18,4851.57,0.032855,0.047443,0.037937,0.028431,0.018925,0.009419
2023-07-19,4844.29,0.03289,0.047443,0.037937,0.028431,0.018925,0.009419
2023-07-20,4796.91,0.03342,0.047443,0.037937,0.028431,0.018925,0.009419
2023-07-21,4791.52,0.033593,0.047443,0.037937,0.028431,0.018925,0.009419
2023-07-24,4779.82,0.033902,0.047443,0.037937,0.028431,0.018925,0.009419
2023-07-25,4885.71,0.031967,0.047443,0.037937,0.028431,0.018925,0.009419
2023-07-26,4867.53,0.032514,0.047443,0.037937,0.028431,0.018925,0.009419
2023-07-27,4847.07,0.032654,0.047443,0.037937,0.028431,0.018925,0.009419
2023-07-28,4924.52,0.03159,0.047443,0.037937,0.028431,0.018925,0.009419
2023-07-31,4959.94,0.031154,0.047443,0.037937,0.028431,0.018925,0.009419
2023-08-01,4948.38,0.031254,0.047443,0.037937,0.028431,0.018925,0.009419
2023-08-02,4926.31,0.03176,0.047443,0.037937,0.028431,0.018925,0.009419
2023-08-03,4948.64,0.031623,0.047443,0.037937,0.028431,0.018925,0.009419
2023-08-04,4967.31,0.031254,0.047443,0.037937,0.028431,0.018925,0.009419
2023-08-07,4934.83,0.03159,0.047443,0.037937,0.028431,0.018925,0.009419
2023-08-08,4918.2,0.03176,0.047443,0.037937,0.028431,0.018925,0.009419
2023-08-09,4889.41,0.032068,0.047443,0.037937,0.028431,0.018925,0.009419
2023-08-10,4898.82,0.031896,0.047443,0.037937,0.028431,0.018925,0.009419
2023-08-11,4798.58,0.033183,0.047443,0.037937,0.028431,0.018925,0.009419
2023-08-14,4789.02,0.033492,0.047443,0.037937,0.028431,0.018925,0.009419
2023-08-15,4764.97,0.034002,0.047443,0.037937,0.028431,0.018925,0.009419
2023-08-16,4722.82,0.034747,0.047443,0.037937,0.028431,0.018925,0.009419
2023-08-17,4755.59,0.034319,0.047443,0.037937,0.028431,0.018925,0.009419
2023-08-18,4683.69,0.035004,0.047443,0.037937,0.028431,0.018925,0.009419
2023-08-21,4630.06,0.035802,0.047443,0.037937,0.028431,0.018925,0.009419
2023-08-22,4661.4,0.035004,0.047443,0.037937,0.028431,0.018925,0.009419
2023-08-23,4579.47,0.035966,0.047443,0.037937,0.028431,0.018925,0.009419
2023-08-24,4600.32,0.035777,0.047443,0.037937,0.028431,0.018925,0.009419
2023-08-25,4550.02,0.036107,0.047443,0.037937,0.028431,0.018925,0.009419
2023-08-28,4598.06,0.034951,0.047443,0.037937,0.028431,0.018925,0.009419
2023-08-29,4690.31,0.034139,0.047443,0.037937,0.028431,0.018925,0.009419
2023-08-30,4700.68,0.033883,0.047443,0.037937,0.028431,0.018925,0.009419
2023-08-31,4672.31,0.033847,0.047443,0.037937,0.028431,0.018925,0.009419
2023-09-01,4690.29,0.033368,0.047443,0.037937,0.028431,0.018925,0.009419
2023-09-04,4759.88,0.032333,0.047443,0.037937,0.028431,0.018925,0.009419
2023-09-05,4729.16,0.032611,0.047443,0.037937,0.028431,0.018925,0.009419
2023-09-06,4732.82,0.032376,0.047443,0.037937,0.028431,0.018925,0.009419
2023-09-07,4660.31,0.033112,0.047443,0.037937,0.028431,0.018925,0.009419
2023-09-08,4654.75,0.033183,0.047443,0.037937,0.028431,0.018925,0.009419
2023-09-11,4698.91,0.03272,0.047443,0.037937,0.028431,0.018925,0.009419
2023-09-12,4693.46,0.03289,0.047443,0.037937,0.028431,0.018925,0.009419
2023-09-13,4651.33,0.033243,0.047443,0.037937,0.028431,0.018925,0.009419
2023-09-14,4636.86,0.033343,0.047443,0.037937,0.028431,0.018925,0.009419
2023-09-15,4625.13,0.033219,0.047443,0.037937,0.028431,0.018925,0.009419
2023-09-18,4644.68,0.032941,0.047443,0.037937,0.028431,0.018925,0.009419
2023-09-19,4619.89,0.032982,0.047443,0.037937,0.028431,0.018925,0.009419
2023-09-20,4593.03,0.033168,0.047443,0.037937,0.028431,0.018925,0.009419
2023-09-21,4557.44,0.033703,0.047443,0.037937,0.028431,0.018925,0.009419
2023-09-22,4639.86,0.032568,0.047443,0.037937,0.028431,0.018925,0.009419
2023-09-25,4615.13,0.032615,0.047443,0.037937,0.028431,0.018925,0.009419
2023-09-26,4592.6,0.032902,0.047443,0.037937,0.028431,0.018925,0.009419
2023-09-27,4608.98,0.032895,0.047443,0.037937,0.028431,0.018925,0.009419
2023-09-28,4621.41,0.032924,0.047443,0.037937,0.028431,0.018925,0.009419
2023-10-09,4609.57,0.033132,0.047443,0.037937,0.028431,0.018925,0.009419
2023-10-10,4587.27,0.033429,0.047443,0.037937,0.028431,0.018925,0.009419
2023-10-11,4597.76,0.033082,0.047443,0.037937,0.028431,0.018925,0.009419
2023-10-12,4634.92,0.032645,0.047443,0.037937,0.028431,0.018925,0.009419
2023-10-13,4600.13,0.033168,0.047443,0.037937,0.028431,0.018925,0.009419
2023-10-16,4560.09,0.033429,0.047443,0.037937,0.028431,0.018925,0.009419
2023-10-17,4566.25,0.033147,0.047443,0.037937,0.028431,0.018925,0.009419
2023-10-18,4511.9,0.033604,0.047443,0.037937,0.028431,0.018925,0.009419
2023-10-19,4439.93,0.034518,0.047443,0.037937,0.028431,0.018925,0.009419
2023-10-20,4402.69,0.035314,0.047443,0.037937,0.028431,0.018925,0.009419
2023-10-23,4327.13,0.036247,0.047443,0.037937,0.028431,0.018925,0.009419
2023-10-24,4373.52,0.035567,0.047443,0.037937,0.028431,0.018925,0.009419
2023-10-25,4409.52,0.035471,0.047443,0.037937,0.028431,0.018925,0.009419
2023-10-26,4426.1,0.035214,0.047443,0.037937,0.028431,0.018925,0.009419
2023-10-27,4490.1,0.034428,0.047443,0.037937,0.028431,0.018925,0.009419
2023-10-30,4533.61,0.034201,0.047443,0.037937,0.028431,0.018925,0.009419
2023-10-31,4515.15,0.034629,0.047443,0.037937,0.028431,0.018925,0.009419
2023-11-01,4513,0.034591,0.047443,0.037937,0.028431,0.018925,0.009419
2023-11-02,4477.81,0.035237,0.047443,0.037937,0.028431,0.018925,0.009419
2023-11-03,4523.67,0.03478,0.047443,0.037937,0.028431,0.018925,0.009419
2023-11-06,4601.01,0.03407,0.047443,0.037937,0.028431,0.018925,0.009419
2023-11-07,4603.61,0.034033,0.047443,0.037937,0.028431,0.018925,0.009419
2023-11-08,4604.26,0.034171,0.047443,0.037937,0.028431,0.018925,0.009419
2023-11-09,4590.52,0.034282,0.047443,0.037937,0.028431,0.018925,0.009419
2023-11-10,4567.89,0.034681,0.047443,0.037937,0.028431,0.018925,0.009419
2023-11-13,4585.24,0.034431,0.047443,0.037937,0.028431,0.018925,0.009419
2023-11-14,4601.29,0.034144,0.047443,0.037937,0.028431,0.018925,0.009419
2023-11-15,4629.33,0.033813,0.047443,0.037937,0.028431,0.018925,0.009419
2023-11-16,4587.87,0.034255,0.047443,0.037937,0.028431,0.018925,0.009419
2023-11-17,4602.61,0.034282,0.047443,0.037937,0.028431,0.018925,0.009419
2023-11-20,4627.68,0.033886,0.047443,0.037937,0.028431,0.018925,0.009419
2023-11-21,4617.59,0.033859,0.047443,0.037937,0.028431,0.018925,0.009419
2023-11-22,4567.24,0.034315,0.047443,0.037937,0.028431,0.018925,0.009419
2023-11-23,4600.5,0.033704,0.047443,0.037937,0.028431,0.018925,0.009419
2023-11-24,4558.18,0.03405,0.047443,0.037937,0.028431,0.018925,0.009419
2023-11-27,4541.56,0.034276,0.047443,0.037937,0.028431,0.018925,0.009419
2023-11-28,4559.44,0.034327,0.047443,0.037937,0.028431,0.018925,0.009419
2023-11-29,4527.06,0.034768,0.047443,0.037937,0.028431,0.018925,0.009419
2023-11-30,4522.11,0.034793,0.047443,0.037937,0.028431,0.018925,0.009419
2023-12-01,4531.14,0.03478,0.047443,0.037937,0.028431,0.018925,0.009419
2023-12-04,4516.04,0.034869,0.047443,0.037937,0.028431,0.018925,0.009419
2023-12-05,4431.26,0.035953,0.047443,0.037937,0.028431,0.018925,0.009419
2023-12-06,4445.61,0.035914,0.047443,0.037937,0.028431,0.018925,0.009419
2023-12-07,4437.89,0.036094,0.047443,0.037937,0.028431,0.018925,0.009419
2023-12-08,4433.67,0.036054,0.047443,0.037937,0.028431,0.018925,0.009419
2023-12-11,4473.18,0.034793,0.047443,0.037937,0.028431,0.018925,0.009419
2023-12-12,4483.39,0.034606,0.047443,0.037937,0.028431,0.018925,0.009419
2023-12-13,4429.42,0.035488,0.047443,0.037937,0.028431,0.018925,0.009419
2023-12-14,4410.01,0.035516,0.047443,0.037937,0.028431,0.018925,0.009419
2023-12-15,4390.01,0.035988,0.047443,0.037937,0.028431,0.018925,0.009419
2023-12-18,4350.38,0.03648,0.047443,0.037937,0.028431,0.018925,0.009419
2023-12-19,4354.54,0.036301,0.047443,0.037937,0.028431,0.018925,0.009419
2023-12-20,4300.24,0.036975,0.047443,0.037937,0.028431,0.018925,0.009419
2023-12-21,4334.65,0.036919,0.047443,0.037937,0.028431,0.018925,0.009419
2023-12-22,4310.39,0.037118,0.047443,0.037937,0.028431,0.018925,0.009419
2023-12-25,4314.54,0.037201,0.047443,0.037937,0.028431,0.018925,0.009419
2023-12-26,4270.44,0.03758,0.047443,0.037937,0.028431,0.018925,0.009419
2023-12-27,4292.67,0.037382,0.047443,0.037937,0.028431,0.018925,0.009419
2023-12-28,4379.77,0.036338,0.047443,0.037937,0.028431,0.018925,0.009419
2023-12-29,4421.96,0.035903,0.047443,0.037937,0.028431,0.018925,0.009419
2024-01-02,4390.83,0.036208,0.047443,0.037937,0.028431,0.018925,0.009419
2024-01-03,4376.82,0.036386,0.047443,0.037937,0.028431,0.018925,0.009419
2024-01-04,4344,0.036758,0.047443,0.037937,0.028431,0.018925,0.009419
2024-01-05,4292.79,0.037588,0.047443,0.037937,0.028431,0.018925,0.009419
2024-01-08,4219.12,0.038614,0.047443,0.037937,0.028431,0.018925,0.009419
2024-01-09,4231.06,0.038694,0.047443,0.037937,0.028431,0.018925,0.009419
2024-01-10,4204,0.039002,0.047443,0.037937,0.028431,0.018925,0.009419
2024-01-11,4252.17,0.038593,0.047443,0.037937,0.028431,0.018925,0.009419
2024-01-12,4230.09,0.038594,0.047443,0.037937,0.028431,0.018925,0.009419
2024-01-15,4223.36,0.038553,0.047443,0.037937,0.028431,0.018925,0.009419
2024-01-16,4228.42,0.03833,0.047443,0.037937,0.028431,0.018925,0.009419
2024-01-17,4127.42,0.039905,0.047443,0.037937,0.028431,0.018925,0.009419
2024-01-18,4147.01,0.039651,0.047443,0.037937,0.028431,0.018925,0.009419
2024-01-19,4117.72,0.040177,0.047443,0.037937,0.028431,0.018925,0.009419
2024-01-22,3966.84,0.042351,0.047443,0.037937,0.028431,0.018925,0.009419
2024-01-23,3997.06,0.041843,0.047443,0.037937,0.028431,0.018925,0.009419
2024-01-24,4052.89,0.040737,0.047443,0.037937,0.028431,0.018925,0.009419
2024-01-25,4161.78,0.03892,0.047443,0.037937,0.028431,0.018925,0.009419
2024-01-26,4142.73,0.03892,0.047443,0.037937,0.028431,0.018925,0.009419
2024-01-29,4065.92,0.039854,0.047443,0.037937,0.028431,0.018925,0.009419
2024-01-30,3971.53,0.041493,0.047443,0.037937,0.028431,0.018925,0.009419
2024-01-31,3874.62,0.043008,0.047443,0.037937,0.028431,0.018925,0.009419
2024-02-01,3856.96,0.043319,0.047443,0.037937,0.028431,0.018925,0.009419
2024-02-02,3765.66,0.044697,0.047443,0.037937,0.028431,0.018925,0.009419
2024-02-05,3666.37,0.046069,0.047443,0.037937,0.028431,0.018925,0.009419
2024-02-06,3827.76,0.043171,0.047443,0.037937,0.028431,0.018925,0.009419
2024-02-07,3895,0.042656,0.047443,0.037937,0.028431,0.018925,0.009419
2024-02-08,3985.4,0.041347,0.047443,0.037937,0.028431,0.018925,0.009419
2024-02-19,4041.51,0.040337,0.047443,0.037937,0.028431,0.018925,0.009419
2024-02-20,4057.94,0.040205,0.047443,0.037937,0.028431,0.018925,0.009419
2024-02-21,4100.1,0.039628,0.047443,0.037937,0.028431,0.018925,0.009419
2024-02-22,4150.67,0.038923,0.047443,0.037937,0.028431,0.018925,0.009419
2024-02-23,4187.61,0.038566,0.047443,0.037937,0.028431,0.018925,0.009419
2024-02-26,4182.33,0.039126,0.047443,0.037937,0.028431,0.018925,0.009419
2024-02-27,4262.19,0.038146,0.047443,0.037937,0.028431,0.018925,0.009419
2024-02-28,4136.21,0.040095,0.047443,0.037937,0.028431,0.018925,0.009419
2024-02-29,4251.41,0.038706,0.047443,0.037937,0.028431,0.018925,0.009419
2024-03-01,4286.5,0.038055,0.047443,0.037937,0.028431,0.018925,0.009419
2024-03-04,4296.9,0.03799,0.047443,0.037937,0.028431,0.018925,0.009419
2024-03-05,4286.67,0.038257,0.047443,0.037937,0.028431,0.018925,0.009419
2024-03-06,4288.04,0.03884,0.047443,0.037937,0.028431,0.018925,0.009419
2024-03-07,4249.46,0.039045,0.047443,0.037937,0.028431,0.018925,0.009419
2024-03-08,4285.62,0.038511,0.047443,0.037937,0.028431,0.018925,0.009419
2024-03-11,4352.16,0.037608,0.047443,0.037937,0.028431,0.018925,0.009419
2024-03-12,4368.39,0.037351,0.047443,0.037937,0.028431,0.018925,0.009419
2024-03-13,4358.35,0.03774,0.047443,0.037937,0.028431,0.018925,0.009419
2024-03-14,4339.61,0.037751,0.047443,0.037937,0.028431,0.018925,0.009419
2024-03-15,4372.02,0.03758,0.047443,0.037937,0.028431,0.018925,0.009419
2024-03-18,4430.66,0.037223,0.047443,0.037937,0.028431,0.018925,0.009419
2024-03-19,4401.3,0.03769,0.047443,0.037937,0.028431,0.018925,0.009419
2024-03-20,4424.51,0.037085,0.047443,0.037937,0.028431,0.018925,0.009419
2024-03-21,4420.66,0.037296,0.047443,0.037937,0.028431,0.018925,0.009419
2024-03-22,4370.85,0.037497,0.047443,0.037937,0.028431,0.018925,0.009419
2024-03-25,4309.05,0.038067,0.047443,0.037937,0.028431,0.018925,0.009419
2024-03-26,4314,0.037954,0.047443,0.037937,0.028431,0.018925,0.009419
2024-03-27,4221.59,0.039292,0.047443,0.037937,0.028431,0.018925,0.009419
2024-03-28,4275.62,0.03865,0.047443,0.037937,0.028431,0.018925,0.009419
2024-03-29,4310.67,0.037885,0.047443,0.037937,0.028431,0.018925,0.009419
2024-04-01,4392.63,0.036912,0.047443,0.037937,0.028431,0.018925,0.009419
2024-04-02,4374.78,0.037187,0.047443,0.037937,0.028431,0.018925,0.009419
2024-04-03,4353.74,0.037544,0.047443,0.037937,0.028431,0.018925,0.009419
2024-04-08,4293.42,0.038135,0.047443,0.037937,0.028431,0.018925,0.009419
2024-04-09,4315.47,0.038023,0.047443,0.037937,0.028431,0.018925,0.009419
2024-04-10,4258.49,0.038422,0.047443,0.037937,0.028431,0.018925,0.009419
2024-04-11,4265.38,0.038485,0.047443,0.037937,0.028431,0.018925,0.009419
2024-04-12,4235.38,0.038968,0.047443,0.037937,0.028431,0.018925,0.009419
2024-04-15,4249.41,0.038398,0.047443,0.037937,0.028431,0.018925,0.009419
2024-04-16,4126.45,0.039847,0.047443,0.037937,0.028431,0.018925,0.009419
2024-04-17,4251.51,0.038451,0.047443,0.037937,0.028431,0.018925,0.009419
2024-04-18,4253.33,0.038552,0.047443,0.037937,0.028431,0.018925,0.009419
2024-04-19,4226.22,0.038702,0.047443,0.037937,0.028431,0.018925,0.009419
2024-04-22,4204.4,0.039336,0.047443,0.037937,0.028431,0.018925,0.009419
2024-04-23,4183.7,0.039785,0.047443,0.037937,0.028431,0.018925,0.009419
2024-04-24,4226.65,0.038878,0.047443,0.037937,0.028431,0.018925,0.009419
2024-04-25,4234.66,0.038828,0.047443,0.037937,0.028431,0.018925,0.009419
2024-04-26,4305.35,0.037313,0.047443,0.037937,0.028431,0.018925,0.009419
2024-04-29,4380.75,0.035862,0.047443,0.037937,0.028431,0.018925,0.009419
2024-04-30,4353.88,0.035599,0.047443,0.037937,0.028431,0.018925,0.009419
2024-05-06,4428.17,0.034782,0.047443,0.037937,0.028431,0.018925,0.009419
2024-05-07,4435.58,0.03485,0.047443,0.037937,0.028431,0.018925,0.009419
2024-05-08,4387.87,0.035222,0.047443,0.037937,0.028431,0.018925,0.009419
2024-05-09,4441.63,0.03448,0.047443,0.037937,0.028431,0.018925,0.009419
2024-05-10,4425.06,0.034681,0.047443,0.037937,0.028431,0.018925,0.009419
2024-05-13,4400.23,0.03546,0.047443,0.037937,0.028431,0.018925,0.009419
2024-05-14,4405.66,0.03546,0.047443,0.037937,0.028431,0.018925,0.009419
2024-05-15,4366.65,0.035842,0.047443,0.037937,0.028431,0.018925,0.009419
2024-05-16,4375.15,0.035636,0.047443,0.037937,0.028431,0.018925,0.009419
2024-05-17,4424.81,0.035087,0.047443,0.037937,0.028431,0.018925,0.009419
2024-05-20,4444.14,0.034782,0.047443,0.037937,0.028431,0.018925,0.009419
2024-05-21,4414.56,0.035087,0.047443,0.037937,0.028431,0.018925,0.009419
2024-05-22,4420.67,0.035053,0.047443,0.037937,0.028431,0.018925,0.009419
2024-05-23,4348.25,0.03588,0.047443,0.037937,0.028431,0.018925,0.009419
2024-05-24,4302.13,0.036409,0.047443,0.037937,0.028431,0.018925,0.009419
2024-05-27,4343.26,0.03581,0.047443,0.037937,0.028431,0.018925,0.009419
2024-05-28,4305.39,0.036262,0.047443,0.037937,0.028431,0.018925,0.009419
2024-05-29,4311.23,0.036394,0.047443,0.037937,0.028431,0.018925,0.009419
2024-05-30,4288.48,0.036749,0.047443,0.037937,0.028431,0.018925,0.009419
2024-05-31,4288.11,0.036647,0.047443,0.037937,0.028431,0.018925,0.009419
2024-06-03,4264.53,0.036826,0.047443,0.037937,0.028431,0.018925,0.009419
2024-06-04,4285.91,0.036576,0.047443,0.037937,0.028431,0.018925,0.009419
2024-06-05,4240.09,0.037252,0.047443,0.037937,0.028431,0.018925,0.009419
2024-06-06,4190.2,0.037727,0.047443,0.037937,0.028431,0.018925,0.009419
2024-06-07,4192.82,0.037654,0.047443,0.037937,0.028431,0.018925,0.009419
2024-06-11,4184.72,0.037912,0.047443,0.037937,0.028431,0.018925,0.009419
2024-06-12,4201.18,0.03769,0.047443,0.037937,0.028431,0.018925,0.009419
2024-06-13,4176.73,0.038013,0.047443,0.037937,0.028431,0.018925,0.009419
2024-06-14,4188.78,0.038041,0.047443,0.037937,0.028431,0.018925,0.009419
2024-06-17,4182.15,0.038376,0.047443,0.037937,0.028431,0.018925,0.009419
2024-06-18,4207.65,0.038142,0.047443,0.037937,0.028431,0.018925,0.009419
2024-06-19,4177.57,0.038467,0.047443,0.037937,0.028431,0.018925,0.009419
2024-06-20,4124,0.038955,0.047443,0.037937,0.028431,0.018925,0.009419
2024-06-21,4119.17,0.038866,0.047443,0.037937,0.028431,0.018925,0.009419
2024-06-24,4045.24,0.039815,0.047443,0.037937,0.028431,0.018925,0.009419
2024-06-25,4022.65,0.040152,0.047443,0.037937,0.028431,0.018925,0.009419
2024-06-26,4081.94,0.039693,0.047443,0.037937,0.028431,0.018925,0.009419
2024-06-27,4024.88,0.040418,0.047443,0.037937,0.028431,0.018925,0.009419
2024-06-28,4039.97,0.040027,0.047443,0.037937,0.028431,0.018925,0.009419
2024-07-01,4070.44,0.039043,0.047443,0.037937,0.028431,0.018925,0.009419
2024-07-02,4055.67,0.039145,0.047443,0.037937,0.028431,0.018925,0.009419
2024-07-03,4032.86,0.03949,0.047443,0.037937,0.028431,0.018925,0.009419
2024-07-04,3979.92,0.039972,0.047443,0.037937,0.028431,0.018925,0.009419
2024-07-05,3989.44,0.039746,0.047443,0.037937,0.028431,0.018925,0.009419
2024-07-08,3928.15,0.04032,0.047443,0.037937,0.028431,0.018925,0.009419
2024-07-09,3989.07,0.039729,0.047443,0.037937,0.028431,0.018925,0.009419
2024-07-10,3969.79,0.040084,0.047443,0.037937,0.028431,0.018925,0.009419
2024-07-11,4041.79,0.039364,0.047443,0.037937,0.028431,0.018925,0.009419
2024-07-12,4036.84,0.039441,0.047443,0.037937,0.028431,0.018925,0.009419
2024-07-15,4016.26,0.039582,0.047443,0.037937,0.028431,0.018925,0.009419
2024-07-16,4033.05,0.039364,0.047443,0.037937,0.028431,0.018925,0.009419
2024-07-17,4013.72,0.039753,0.047443,0.037937,0.028431,0.018925,0.009419
2024-07-18,4028.92,0.03934,0.047443,0.037937,0.028431,0.018925,0.009419
2024-07-19,4042.73,0.039325,0.047443,0.037937,0.028431,0.018925,0.009419
2024-07-22,4032.86,0.039776,0.047443,0.037937,0.028431,0.018925,0.009419
2024-07-23,3939.51,0.041092,0.047443,0.037937,0.028431,0.018925,0.009419
2024-07-24,3899.95,0.041398,0.047443,0.037937,0.028431,0.018925,0.009419
2024-07-25,3891.1,0.041848,0.047443,0.037937,0.028431,0.018925,0.009419
2024-07-26,3927.62,0.041948,0.047443,0.037937,0.028431,0.018925,0.009419
2024-07-29,3914.44,0.042295,0.047443,0.037937,0.028431,0.018925,0.009419
2024-07-30,3906.45,0.042686,0.047443,0.037937,0.028431,0.018925,0.009419
2024-07-31,4020.58,0.041266,0.047443,0.037937,0.028431,0.018925,0.009419
2024-08-01,4003.24,0.041669,0.047443,0.037937,0.028431,0.018925,0.009419
2024-08-02,3956.12,0.042274,0.047443,0.037937,0.028431,0.018925,0.009419
2024-08-05,3883.97,0.043333,0.047443,0.037937,0.028431,0.018925,0.009419
2024-08-06,3912.69,0.042978,0.047443,0.037937,0.028431,0.018925,0.009419
2024-08-07,3912.14,0.043038,0.047443,0.037937,0.028431,0.018925,0.009419
2024-08-08,3909.42,0.042672,0.047443,0.037937,0.028431,0.018925,0.009419
2024-08-09,3888.78,0.042762,0.047443,0.037937,0.028431,0.018925,0.009419
2024-08-12,3875.28,0.042422,0.047443,0.037937,0.028431,0.018925,0.009419
2024-08-13,3890.66,0.042372,0.047443,0.037937,0.028431,0.018925,0.009419
2024-08-14,3858.53,0.043059,0.047443,0.037937,0.028431,0.018925,0.009419
2024-08-15,3894.41,0.042366,0.047443,0.037937,0.028431,0.018925,0.009419
2024-08-16,3886.64,0.042426,0.047443,0.037937,0.028431,0.018925,0.009419
2024-08-19,3892.44,0.042505,0.047443,0.037937,0.028431,0.018925,0.009419
2024-08-20,3845.22,0.04328,0.047443,0.037937,0.028431,0.018925,0.009419
2024-08-21,3831.52,0.043537,0.047443,0.037937,0.028431,0.018925,0.009419
2024-08-22,3800.87,0.04394,0.047443,0.037937,0.028431,0.018925,0.009419
2024-08-23,3806.93,0.043956,0.047443,0.037937,0.028431,0.018925,0.009419
2024-08-26,3814.97,0.043725,0.047443,0.037937,0.028431,0.018925,0.009419
2024-08-27,3778.92,0.04372,0.047443,0.037937,0.028431,0.018925,0.009419
2024-08-28,3772,0.044055,0.047443,0.037937,0.028431,0.018925,0.009419
2024-08-29,3793,0.044274,0.047443,0.037937,0.028431,0.018925,0.009419
2024-08-30,3854.74,0.043752,0.047443,0.037937,0.028431,0.018925,0.009419
2024-09-02,3786,0.044086,0.047443,0.037937,0.028431,0.018925,0.009419
2024-09-03,3809.5,0.044188,0.047443,0.037937,0.028431,0.018925,0.009419
2024-09-04,3787.36,0.044771,0.047443,0.037937,0.028431,0.018925,0.009419
2024-09-05,3804.18,0.044639,0.047443,0.037937,0.028431,0.018925,0.009419
2024-09-06,3758.18,0.0452,0.047443,0.037937,0.028431,0.018925,0.009419
2024-09-09,3725.79,0.045934,0.047443,0.037937,0.028431,0.018925,0.009419
2024-09-10,3732.97,0.045912,0.047443,0.037937,0.028431,0.018925,0.009419
2024-09-11,3723.93,0.04647,0.047443,0.037937,0.028431,0.018925,0.009419
2024-09-12,3710.27,0.046654,0.047443,0.037937,0.028431,0.018925,0.009419
2024-09-13,3681.44,0.047287,0.047443,0.037937,0.028431,0.018925,0.009419
2024-09-18,3684.16,0.047316,0.047443,0.037937,0.028431,0.018925,0.009419
2024-09-19,3731.52,0.046618,0.047443,0.037937,0.028431,0.018925,0.009419
2024-09-20,3727.81,0.04672,0.047443,0.037937,0.028431,0.018925,0.009419
2024-09-23,3736.57,0.046449,0.047443,0.037937,0.028431,0.018925,0.009419
2024-09-24,3888.2,0.043545,0.047443,0.037937,0.028431,0.018925,0.009419
2024-09-25,3937.57,0.043112,0.047443,0.037937,0.028431,0.018925,0.009419
2024-09-26,4096.24,0.040546,0.047443,0.037937,0.028431,0.018925,0.009419
2024-09-27,4293.11,0.037545,0.047443,0.037937,0.028431,0.018925,0.009419
2024-09-30,4706.77,0.032979,0.047443,0.037937,0.028431,0.018925,0.009419
2024-10-08,5037.01,0.029616,0.047443,0.037937,0.028431,0.018925,0.009419
2024-10-09,4661.71,0.033585,0.047443,0.037937,0.028431,0.018925,0.009419
2024-10-10,4670.36,0.033531,0.047443,0.037937,0.028431,0.018925,0.009419
2024-10-11,4514.19,0.03509,0.047443,0.037937,0.028431,0.018925,0.009419
2024-10-14,4629.51,0.033774,0.047443,0.037937,0.028431,0.018925,0.009419
2024-10-15,4524.67,0.035288,0.047443,0.037937,0.028431,0.018925,0.009419
2024-10-16,4515.43,0.035288,0.047443,0.037937,0.028431,0.018925,0.009419
2024-10-17,4480.87,0.036011,0.047443,0.037937,0.028431,0.018925,0.009419
2024-10-18,4647.3,0.034161,0.047443,0.037937,0.028431,0.018925,0.009419
2024-10-21,4696.8,0.033916,0.047443,0.037937,0.028431,0.018925,0.009419
2024-10-22,4728.44,0.033643,0.047443,0.037937,0.028431,0.018925,0.009419
2024-10-23,4744.8,0.033419,0.047443,0.037937,0.028431,0.018925,0.009419
2024-10-24,4705.98,0.033747,0.047443,0.037937,0.028431,0.018925,0.009419
2024-10-25,4767.43,0.03346,0.047443,0.037937,0.028431,0.018925,0.009419
2024-10-28,4822.49,0.032788,0.047443,0.037937,0.028431,0.018925,0.009419
2024-10-29,4763.81,0.033147,0.047443,0.037937,0.028431,0.018925,0.009419
2024-10-30,4755.97,0.03348,0.047443,0.037937,0.028431,0.018925,0.009419
2024-10-31,4794.14,0.033857,0.047443,0.037937,0.028431,0.018925,0.009419
2024-11-01,4723.34,0.034424,0.047443,0.037937,0.028431,0.018925,0.009419
2024-11-04,4803.01,0.033784,0.047443,0.037937,0.028431,0.018925,0.009419
2024-11-05,4943.21,0.032648,0.047443,0.037937,0.028431,0.018925,0.009419
2024-11-06,4946.63,0.032605,0.047443,0.037937,0.028431,0.018925,0.009419
2024-11-07,5071.74,0.031401,0.047443,0.037937,0.028431,0.018925,0.009419
2024-11-08,5049.45,0.031679,0.047443,0.037937,0.028431,0.018925,0.009419
2024-11-11,5118.28,0.031465,0.047443,0.037937,0.028431,0.018925,0.009419
2024-11-12,5059.11,0.03228,0.047443,0.037937,0.028431,0.018925,0.009419
2024-11-13,5072.36,0.031825,0.047443,0.037937,0.028431,0.018925,0.009419
2024-11-14,4949.25,0.03298,0.047443,0.037937,0.028431,0.018925,0.009419
2024-11-15,4847.63,0.033765,0.047443,0.037937,0.028431,0.018925,0.009419
2024-11-18,4780.66,0.033986,0.047443,0.037937,0.028431,0.018925,0.009419
2024-11-19,4854.4,0.033616,0.047443,0.037937,0.028431,0.018925,0.009419
2024-11-20,4906.8,0.03307,0.047443,0.037937,0.028431,0.018925,0.009419
2024-11-21,4912.67,0.033243,0.047443,0.037937,0.028431,0.018925,0.009419
2024-11-22,4746.37,0.034939,0.047443,0.037937,0.028431,0.018925,0.009419
2024-11-25,4749.14,0.035009,0.047443,0.037937,0.028431,0.018925,0.009419
2024-11-26,4718.85,0.035197,0.047443,0.037937,0.028431,0.018925,0.009419
2024-11-27,4806.63,0.034371,0.047443,0.037937,0.028431,0.018925,0.009419
2024-11-28,4778.97,0.034981,0.047443,0.037937,0.028431,0.018925,0.009419
2024-11-29,4845.9,0.034475,0.047443,0.037937,0.028431,0.018925,0.009419
2024-12-02,4917.31,0.034227,0.047443,0.037937,0.028431,0.018925,0.009419
2024-12-03,4921.12,0.03395,0.047443,0.037937,0.028431,0.018925,0.009419
2024-12-04,4875.11,0.034547,0.047443,0.037937,0.028431,0.018925,0.009419
2024-12-05,4898.18,0.034531,0.047443,0.037937,0.028431,0.018925,0.009419
2024-12-06,4956.57,0.033951,0.047443,0.037937,0.028431,0.018925,0.009419
2024-12-09,4940.24,0.034341,0.047443,0.037937,0.028431,0.018925,0.009419
2024-12-10,4977.83,0.03468,0.047443,0.037937,0.028431,0.018925,0.009419
2024-12-11,5006.7,0.034814,0.047443,0.037937,0.028431,0.018925,0.009419
2024-12-12,5053.03,0.034338,0.047443,0.037937,0.028431,0.018925,0.009419
2024-12-13,4947.39,0.035764,0.047443,0.037937,0.028431,0.018925,0.009419
2024-12-16,4908.61,0.03626,0.047443,0.037937,0.028431,0.018925,0.009419
2024-12-17,4845.44,0.036782,0.047443,0.037937,0.028431,0.018925,0.009419
2024-12-18,4875.99,0.036025,0.047443,0.037937,0.028431,0.018925,0.009419
2024-12-19,4880.27,0.036316,0.047443,0.037937,0.028431,0.018925,0.009419
2024-12-20,4891.54,0.036666,0.047443,0.037937,0.028431,0.018925,0.009419
2024-12-23,4812.5,0.037133,0.047443,0.037937,0.028431,0.018925,0.009419
2024-12-24,4867.73,0.03626,0.047443,0.037937,0.028431,0.018925,0.009419
2024-12-25,4829.76,0.036229,0.047443,0.037937,0.028431,0.018925,0.009419
2024-12-26,4857.74,0.03639,0.047443,0.037937,0.028431,0.018925,0.009419
2024-12-27,4864.18,0.036537,0.047443,0.037937,0.028431,0.018925,0.009419
2024-12-30,4859.79,0.036275,0.047443,0.037937,0.028431,0.018925,0.009419
2024-12-31,4750.67,0.037545,0.047443,0.037937,0.028431,0.018925,0.009419
2025-01-02,4625.11,0.039726,0.047443,0.037937,0.028431,0.018925,0.009419
2025-01-03,4523.12,0.040851,0.047443,0.037937,0.028431,0.018925,0.009419
2025-01-06,4509.93,0.041014,0.047443,0.037937,0.028431,0.018925,0.009419
2025-01-07,4567.61,0.04036,0.047443,0.037937,0.028431,0.018925,0.009419
2025-01-08,4559.04,0.04036,0.047443,0.037937,0.028431,0.018925,0.009419
2025-01-09,4558.51,0.040247,0.047443,0.037937,0.028431,0.018925,0.009419
2025-01-10,4475.61,0.041268,0.047443,0.037937,0.028431,0.018925,0.009419
2025-01-13,4472.6,0.041061,0.047443,0.037937,0.028431,0.018925,0.009419
2025-01-14,4632.23,0.039608,0.047443,0.037937,0.028431,0.018925,0.009419
2025-01-15,4604.12,0.039996,0.047443,0.037937,0.028431,0.018925,0.009419
2025-01-16,4620.34,0.039671,0.047443,0.037937,0.028431,0.018925,0.009419
2025-01-17,4636.07,0.03934,0.047443,0.037937,0.028431,0.018925,0.009419
2025-01-20,4663.53,0.039081,0.047443,0.037937,0.028431,0.018925,0.009419
2025-01-21,4671.06,0.039285,0.047443,0.037937,0.028431,0.018925,0.009419
2025-01-22,4627.98,0.039625,0.047443,0.037937,0.028431,0.018925,0.009419
2025-01-23,4623.63,0.039435,0.047443,0.037937,0.028431,0.018925,0.009419
2025-01-24,4674.23,0.039027,0.047443,0.037937,0.028431,0.018925,0.009419
2025-01-27,4632.67,0.039552,0.047443,0.037937,0.028431,0.018925,0.009419
2025-02-05,4639.2,0.039844,0.047443,0.037937,0.028431,0.018925,0.009419
2025-02-06,4728.58,0.039177,0.047443,0.037937,0.028431,0.018925,0.009419
2025-02-07,4796.04,0.038571,0.047443,0.037937,0.028431,0.018925,0.009419
2025-02-10,4839.79,0.037848,0.047443,0.037937,0.028431,0.018925,0.009419
2025-02-11,4819.45,0.037936,0.047443,0.037937,0.028431,0.018925,0.009419
2025-02-12,4876.28,0.037409,0.047443,0.037937,0.028431,0.018925,0.009419
2025-02-13,4844.65,0.037671,0.047443,0.037937,0.028431,0.018925,0.009419
2025-02-14,4875.07,0.037175,0.047443,0.037937,0.028431,0.018925,0.009419
2025-02-17,4899.83,0.036652,0.047443,0.037937,0.028431,0.018925,0.009419
2025-02-18,4820.19,0.037192,0.047443,0.037937,0.028431,0.018925,0.009419
2025-02-19,4893.41,0.037015,0.047443,0.037937,0.028431,0.018925,0.009419
2025-02-20,4905.71,0.036623,0.047443,0.037937,0.028431,0.018925,0.009419
2025-02-21,4973.11,0.035719,0.047443,0.037937,0.028431,0.018925,0.009419
2025-02-24,4971.26,0.035425,0.047443,0.037937,0.028431,0.018925,0.009419
2025-02-25,4930.3,0.036187,0.047443,0.037937,0.028431,0.018925,0.009419
2025-02-26,4986.89,0.035673,0.047443,0.037937,0.028431,0.018925,0.009419
2025-02-27,4983.16,0.035312,0.047443,0.037937,0.028431,0.018925,0.009419
2025-02-28,4847.41,0.036959,0.047443,0.037937,0.028431,0.018925,0.009419
2025-03-03,4853.2,0.037133,0.047443,0.037937,0.028431,0.018925,0.009419
2025-03-04,4882.45,0.037002,0.047443,0.037937,0.028431,0.018925,0.009419
2025-03-05,4905.03,0.03668,0.047443,0.037937,0.028431,0.018925,0.009419
2025-03-06,4985.97,0.035611,0.047443,0.037937,0.028431,0.018925,0.009419
2025-03-07,4964.77,0.035302,0.047443,0.037937,0.028431,0.018925,0.009419
2025-03-10,4961.58,0.035286,0.047443,0.037937,0.028431,0.018925,0.009419
2025-03-11,4980.13,0.034245,0.047443,0.037937,0.028431,0.018925,0.009419
2025-03-12,4979.87,0.034968,0.047443,0.037937,0.028431,0.018925,0.009419
2025-03-13,4935.97,0.034893,0.047443,0.037937,0.028431,0.018925,0.009419
2025-03-14,5037.25,0.034209,0.047443,0.037937,0.028431,0.018925,0.009419
2025-03-17,5042.84,0.033443,0.047443,0.037937,0.028431,0.018925,0.009419
2025-03-18,5060.94,0.033407,0.047443,0.037937,0.028431,0.018925,0.009419
2025-03-19,5045.48,0.03372,0.047443,0.037937,0.028431,0.018925,0.009419
2025-03-20,5015.24,0.0346,0.047443,0.037937,0.028431,0.018925,0.009419
2025-03-21,4931.82,0.035197,0.047443,0.037937,0.028431,0.018925,0.009419
2025-03-24,4918.64,0.035356,0.047443,0.037937,0.028431,0.018925,0.009419
2025-03-25,4899.42,0.035676,0.047443,0.037937,0.028431,0.018925,0.009419
2025-03-26,4905.47,0.036069,0.047443,0.037937,0.028431,0.018925,0.009419
2025-03-27,4906.85,0.035837,0.047443,0.037937,0.028431,0.018925,0.009419
2025-03-28,4868.75,0.036398,0.047443,0.037937,0.028431,0.018925,0.009419
2025-03-31,4826.86,0.036699,0.047443,0.037937,0.028431,0.018925,0.009419
2025-04-01,4844.53,0.036398,0.047443,0.037937,0.028431,0.018925,0.009419
2025-04-02,4847.56,0.036542,0.047443,0.037937,0.028431,0.018925,0.009419
2025-04-03,4809.73,0.037526,0.047443,0.037937,0.028431,0.018925,0.009419
2025-04-07,4365.18,0.043272,0.047443,0.037937,0.028431,0.018925,0.009419
2025-04-08,4409.98,0.042119,0.047443,0.037937,0.028431,0.018925,0.009419
2025-04-09,4486.47,0.041433,0.047443,0.037937,0.028431,0.018925,0.009419
2025-04-10,4571.47,0.040703,0.047443,0.037937,0.028431,0.018925,0.009419
2025-04-11,4603.03,0.040236,0.047443,0.037937,0.028431,0.018925,0.009419
2025-04-14,4643.07,0.039817,0.047443,0.037937,0.028431,0.018925,0.009419
2025-04-15,4637.01,0.039753,0.047443,0.037937,0.028431,0.018925,0.009419
2025-04-16,4612.72,0.040021,0.047443,0.037937,0.028431,0.018925,0.009419
2025-04-17,4617.88,0.039823,0.047443,0.037937,0.028431,0.018925,0.009419
2025-04-18,4616.84,0.039855,0.047443,0.037937,0.028431,0.018925,0.009419
2025-04-21,4668.91,0.039238,0.047443,0.037937,0.028431,0.018925,0.009419
2025-04-22,4665.27,0.039317,0.047443,0.037937,0.028431,0.018925,0.009419
2025-04-23,4681.08,0.039152,0.047443,0.037937,0.028431,0.018925,0.009419
2025-04-24,4658.58,0.039277,0.047443,0.037937,0.028431,0.018925,0.009419
2025-04-25,4667.56,0.039089,0.047443,0.037937,0.028431,0.018925,0.009419
2025-04-28,4639.9,0.038974,0.047443,0.037937,0.028431,0.018925,0.009419
2025-04-29,4649.04,0.038759,0.047443,0.037937,0.028431,0.018925,0.009419
2025-04-30,4666.8,0.038637,0.047443,0.037937,0.028431,0.018925,0.009419
2025-05-06,4751.8,0.037759,0.047443,0.037937,0.028431,0.018925,0.009419
2025-05-07,4775.75,0.037277,0.047443,0.037937,0.028431,0.018925,0.009419
2025-05-08,4807.39,0.03712,0.047443,0.037937,0.028431,0.018925,0.009419
2025-05-09,4773.33,0.037277,0.047443,0.037937,0.028431,0.018925,0.009419
2025-05-12,4834.22,0.036594,0.047443,0.037937,0.028431,0.018925,0.009419
2025-05-13,4831.24,0.036769,0.047443,0.037937,0.028431,0.018925,0.009419
2025-05-14,4864.48,0.036369,0.047443,0.037937,0.028431,0.018925,0.009419
2025-05-15,4807.4,0.036754,0.047443,0.037937,0.028431,0.018925,0.009419
2025-05-16,4805.37,0.036869,0.047443,0.037937,0.028431,0.018925,0.009419
2025-05-19,4812.05,0.03671,0.047443,0.037937,0.028431,0.018925,0.009419
2025-05-20,4843.57,0.036291,0.047443,0.037937,0.028431,0.018925,0.009419
2025-05-21,4846.77,0.036075,0.047443,0.037937,0.028431,0.018925,0.009419
2025-05-22,4816.98,0.036231,0.047443,0.037937,0.028431,0.018925,0.009419
2025-05-23,4771.62,0.036724,0.047443,0.037937,0.028431,0.018925,0.009419
2025-05-26,4776.18,0.036724,0.047443,0.037937,0.028431,0.018925,0.009419
2025-05-27,4761.07,0.036739,0.047443,0.037937,0.028431,0.018925,0.009419
2025-05-28,4751.01,0.037337,0.047443,0.037937,0.028431,0.018925,0.009419
2025-05-29,4805.66,0.036767,0.047443,0.037937,0.028431,0.018925,0.009419
2025-05-30,4764.6,0.037292,0.047443,0.037937,0.028431,0.018925,0.009419
2025-06-03,4788.37,0.036927,0.047443,0.037937,0.028431,0.018925,0.009419
2025-06-04,4821.11,0.03674,0.047443,0.037937,0.028431,0.018925,0.009419
2025-06-05,4840.08,0.036569,0.047443,0.037937,0.028431,0.018925,0.009419
2025-06-06,4834.86,0.036801,0.047443,0.037937,0.028431,0.018925,0.009419
2025-06-09,4870.43,0.036415,0.047443,0.037937,0.028431,0.018925,0.009419
2025-06-10,4836.67,0.036728,0.047443,0.037937,0.028431,0.018925,0.009419
2025-06-11,4866.33,0.036619,0.047443,0.037937,0.028431,0.018925,0.009419
2025-06-12,4868.92,0.036517,0.047443,0.037937,0.028431,0.018925,0.009419
2025-06-13,4813.2,0.037075,0.047443,0.037937,0.028431,0.018925,0.009419
2025-06-16,4838.23,0.036619,0.047443,0.037937,0.028431,0.018925,0.009419
2025-06-17,4832.05,0.036534,0.047443,0.037937,0.028431,0.018925,0.009419
2025-06-18,4830.93,0.036506,0.047443,0.037937,0.028431,0.018925,0.009419
2025-06-19,4772.14,0.03696,0.047443,0.037937,0.028431,0.018925,0.009419
2025-06-20,4754.83,0.037046,0.047443,0.037937,0.028431,0.018925,0.009419
2025-06-23,4794.14,0.036647,0.047443,0.037937,0.028431,0.018925,0.009419
2025-06-24,4868.08,0.035819,0.047443,0.037937,0.028431,0.018925,0.009419
2025-06-25,4933.59,0.03522,0.047443,0.037937,0.028431,0.018925,0.009419
2025-06-26,4916.56,0.035355,0.047443,0.037937,0.028431,0.018925,0.009419
2025-06-27,4913.66,0.035572,0.047443,0.037937,0.028431,0.018925,0.009419
2025-06-30,4954.23,0.03522,0.047443,0.037937,0.028431,0.018925,0.009419
2025-07-01,4966.82,0.035134,0.047443,0.037937,0.028431,0.018925,0.009419
2025-07-02,4947.14,0.035268,0.047443,0.037937,0.028431,0.018925,0.009419
2025-07-03,4976.66,0.035081,0.047443,0.037937,0.028431,0.018925,0.009419
2025-07-04,4969.21,0.035028,0.047443,0.037937,0.028431,0.018925,0.009419
2025-07-07,4966.1,0.035054,0.047443,0.037937,0.028431,0.018925,0.009419
2025-07-08,5018.79,0.034632,0.047443,0.037937,0.028431,0.018925,0.009419
2025-07-09,5008.5,0.034632,0.047443,0.037937,0.028431,0.018925,0.009419
2025-07-10,5026.49,0.034219,0.047443,0.037937,0.028431,0.018925,0.009419
2025-07-11,5045.76,0.034066,0.047443,0.037937,0.028431,0.018925,0.009419
2025-07-14,5052.93,0.033962,0.047443,0.037937,0.028431,0.018925,0.009419
2025-07-15,5042.65,0.034193,0.047443,0.037937,0.028431,0.018925,0.009419
2025-07-16,5044.13,0.034193,0.047443,0.037937,0.028431,0.018925,0.009419
2025-07-17,5090.82,0.03391,0.047443,0.037937,0.028431,0.018925,0.009419
2025-07-18,5110.45,0.033604,0.047443,0.037937,0.028431,0.018925,0.009419
2025-07-21,5156.72,0.033123,0.047443,0.037937,0.028431,0.018925,0.009419
2025-07-22,5188.27,0.032747,0.047443,0.037937,0.028431,0.018925,0.009419
2025-07-23,5173.47,0.03272,0.047443,0.037937,0.028431,0.018925,0.009419
2025-07-24,5229.1,0.031944,0.047443,0.037937,0.028431,0.018925,0.009419
2025-07-25,5220.95,0.032193,0.047443,0.037937,0.028431,0.018925,0.009419
2025-07-28,5238.8,0.032273,0.047443,0.037937,0.028431,0.018925,0.009419
2025-07-29,5262.32,0.031745,0.047443,0.037937,0.028431,0.018925,0.009419
2025-07-30,5241.33,0.032147,0.047443,0.037937,0.028431,0.018925,0.009419
2025-07-31,5168.75,0.032995,0.047443,0.037937,0.028431,0.018925,0.009419
2025-08-01,5161.09,0.03302,0.047443,0.037937,0.028431,0.018925,0.009419
2025-08-04,5199.57,0.032693,0.047443,0.037937,0.028431,0.018925,0.009419
2025-08-05,5239.87,0.032249,0.047443,0.037937,0.028431,0.018925,0.009419
2025-08-06,5272.08,0.032131,0.047443,0.037937,0.028431,0.018925,0.009419
2025-08-07,5271.11,0.032184,0.047443,0.037937,0.028431,0.018925,0.009419
2025-08-08,5258.78,0.03233,0.047443,0.037937,0.028431,0.018925,0.009419
2025-08-11,5310.51,0.031759,0.047443,0.037937,0.028431,0.018925,0.009419
2025-08-12,5328.4,0.031441,0.047443,0.037937,0.028431,0.018925,0.009419
2025-08-13,5382.35,0.031133,0.047443,0.037937,0.028431,0.018925,0.009419
2025-08-14,5336.83,0.031465,0.047443,0.037937,0.028431,0.018925,0.009419
2025-08-15,5412.02,0.030789,0.047443,0.037937,0.028431,0.018925,0.009419
2025-08-18,5486.57,0.029874,0.047443,0.037937,0.028431,0.018925,0.009419
2025-08-19,5483.45,0.030077,0.047443,0.037937,0.028431,0.018925,0.009419
2025-08-20,5536.44,0.029566,0.047443,0.037937,0.028431,0.018925,0.009419
2025-08-21,5529.21,0.029645,0.047443,0.037937,0.028431,0.018925,0.009419
2025-08-22,5620.43,0.028834,0.047443,0.037937,0.028431,0.018925,0.009419
2025-08-25,5722.08,0.028348,0.047443,0.037937,0.028431,0.018925,0.009419
2025-08-26,5715.79,0.028412,0.047443,0.037937,0.028431,0.018925,0.009419
2025-08-27,5615.16,0.02883,0.047443,0.037937,0.028431,0.018925,0.009419
2025-08-28,5703.55,0.027567,0.047443,0.037937,0.028431,0.018925,0.009419
2025-08-29,5723.95,0.027625,0.047443,0.037937,0.028431,0.018925,0.009419
2025-09-01,5769.45,0.027578,0.047443,0.037937,0.028431,0.018925,0.009419
2025-09-02,5684,0.02804,0.047443,0.037937,0.028431,0.018925,0.009419
2025-09-03,5615.64,0.02883,0.047443,0.037937,0.028431,0.018925,0.009419
2025-09-04,5502.11,0.029399,0.047443,0.037937,0.028431,0.018925,0.009419
2025-09-05,5642.59,0.028395,0.047443,0.037937,0.028431,0.018925,0.009419
2025-09-08,5681.23,0.027953,0.047443,0.037937,0.028431,0.018925,0.009419
2025-09-09,5629.75,0.028202,0.047443,0.037937,0.028431,0.018925,0.009419
2025-09-10,5641.21,0.027688,0.047443,0.037937,0.028431,0.018925,0.009419
2025-09-11,5769.36,0.027111,0.047443,0.037937,0.028431,0.018925,0.009419
2025-09-12,5759.29,0.027195,0.047443,0.037937,0.028431,0.018925,0.009419
2025-09-15,5764.16,0.027216,0.047443,0.037937,0.028431,0.018925,0.009419
2025-09-16,5790.93,0.027312,0.047443,0.037937,0.028431,0.018925,0.009419
2025-09-17,5829.84,0.027263,0.047443,0.037937,0.028431,0.018925,0.009419
2025-09-18,5766.72,0.027609,0.047443,0.037937,0.028431,0.018925,0.009419
2025-09-19,5749.1,0.027414,0.047443,0.037937,0.028431,0.018925,0.009419
2025-09-22,5778.26,0.027487,0.047443,0.037937,0.028431,0.018925,0.009419
2025-09-23,5742.37,0.027435,0.047443,0.037937,0.028431,0.018925,0.009419
2025-09-24,5821.91,0.026745,0.047443,0.037937,0.028431,0.018925,0.009419
2025-09-25,5831.15,0.026926,0.047443,0.037937,0.028431,0.018925,0.009419
2025-09-26,5760.9,0.027371,0.047443,0.037937,0.028431,0.018925,0.009419
2025-09-29,5840.45,0.026783,0.047443,0.037937,0.028431,0.018925,0.009419
2025-09-30,5875.46,0.026877,0.047443,0.037937,0.028431,0.018925,0.009419
2025-10-09,5952.85,0.026263,0.047443,0.037937,0.028431,0.018925,0.009419
2025-10-10,5855.65,0.026812,0.047443,0.037937,0.028431,0.018925,0.009419
2025-10-13,5833.96,0.027079,0.047443,0.037937,0.028431,0.018925,0.009419
2025-10-14,5741.33,0.02754,0.047443,0.037937,0.028431,0.018925,0.009419
2025-10-15,5826.49,0.026975,0.047443,0.037937,0.028431,0.018925,0.009419
2025-10-16,5800.59,0.026996,0.047443,0.037937,0.028431,0.018925,0.009419
2025-10-17,5652.46,0.028191,0.047443,0.037937,0.028431,0.018925,0.009419
2025-10-20,5697.16,0.027609,0.047443,0.037937,0.028431,0.018925,0.009419
2025-10-21,5788.83,0.027141,0.047443,0.037937,0.028431,0.018925,0.009419
2025-10-22,5764.93,0.027263,0.047443,0.037937,0.028431,0.018925,0.009419
2025-10-23,5772.78,0.027058,0.047443,0.037937,0.028431,0.018925,0.009419
2025-10-24,5842.57,0.026607,0.047443,0.037937,0.028431,0.018925,0.009419
2025-10-27,5913.07,0.026465,0.047443,0.037937,0.028431,0.018925,0.009419
2025-10-28,5893.14,0.026889,0.047443,0.037937,0.028431,0.018925,0.009419
2025-10-29,5961.19,0.026869,0.047443,0.037937,0.028431,0.018925,0.009419
2025-10-30,5898.9,0.027506,0.047443,0.037937,0.028431,0.018925,0.009419
2025-10-31,5866.65,0.028372,0.047443,0.037937,0.028431,0.018925,0.009419
2025-11-03,5888.68,0.028236,0.047443,0.037937,0.028431,0.018925,0.009419
2025-11-04,5827.93,0.028436,0.047443,0.037937,0.028431,0.018925,0.009419
2025-11-05,5847.93,0.028307,0.047443,0.037937,0.028431,0.018925,0.009419
2025-11-06,5918.75,0.027737,0.047443,0.037937,0.028431,0.018925,0.009419
2025-11-07,5903.58,0.027864,0.047443,0.037937,0.028431,0.018925,0.009419
2025-11-10,5926.66,0.027632,0.047443,0.037937,0.028431,0.018925,0.009419
2025-11-11,5895.64,0.027822,0.047443,0.037937,0.028431,0.018925,0.009419
2025-11-12,5871.63,0.027843,0.047443,0.037937,0.028431,0.018925,0.009419
2025-11-13,5948,0.027423,0.047443,0.037937,0.028431,0.018925,0.009419
2025-11-14,5872.13,0.027928,0.047443,0.037937,0.028431,0.018925,0.009419
2025-11-17,5864.13,0.028077,0.047443,0.037937,0.028431,0.018925,0.009419
2025-11-18,5809.6,0.028466,0.047443,0.037937,0.028431,0.018925,0.009419
2025-11-19,5793.29,0.028343,0.047443,0.037937,0.028431,0.018925,0.009419
2025-11-20,5755.79,0.028641,0.047443,0.037937,0.028431,0.018925,0.009419
2025-11-21,5575.48,0.029801,0.047443,0.037937,0.028431,0.018925,0.009419
2025-11-24,5608.69,0.029686,0.047443,0.037937,0.028431,0.018925,0.009419
2025-11-25,5676.33,0.029083,0.047443,0.037937,0.028431,0.018925,0.009419
2025-11-26,5690.08,0.028904,0.047443,0.037937,0.028431,0.018925,0.009419
2025-11-27,5690.01,0.028836,0.047443,0.037937,0.028431,0.018925,0.009419
2025-11-28,5732.77,0.028713,0.047443,0.037937,0.028431,0.018925,0.009419
2025-12-01,5787.18,0.02836,0.047443,0.037937,0.028431,0.018925,0.009419
2025-12-02,5750.4,0.02858,0.047443,0.037937,0.028431,0.018925,0.009419
2025-12-03,5710.58,0.028791,0.047443,0.037937,0.028431,0.018925,0.009419
2025-12-04,5711.8,0.028589,0.047443,0.037937,0.028431,0.018925,0.009419
2025-12-05,5776.83,0.028413,0.047443,0.037937,0.028431,0.018925,0.009419
2025-12-08,5835.55,0.028084,0.047443,0.037937,0.028431,0.018925,0.009419
2025-12-09,5802.85,0.028381,0.047443,0.037937,0.028431,0.018925,0.009419
2025-12-10,5809.35,0.028425,0.047443,0.037937,0.028431,0.018925,0.009419
2025-12-11,5745.07,0.02887,0.047443,0.037937,0.028431,0.018925,0.009419
2025-12-12,5787.86,0.028647,0.047443,0.037937,0.028431,0.018925,0.009419
2025-12-15,5751.55,0.028612,0.047443,0.037937,0.028431,0.018925,0.009419
2025-12-16,5668.2,0.029176,0.047443,0.037937,0.028431,0.018925,0.009419
2025-12-17,5756.23,0.028748,0.047443,0.037937,0.028431,0.018925,0.009419
2025-12-18,5733.55,0.028691,0.047443,0.037937,0.028431,0.018925,0.009419
2025-12-19,5777.54,0.028548,0.047443,0.037937,0.028431,0.018925,0.009419
2025-12-22,5835.54,0.028098,0.047443,0.037937,0.028431,0.018925,0.009419
2025-12-23,5831.47,0.028054,0.047443,0.037937,0.028431,0.018925,0.009419
2025-12-24,5883.66,0.027753,0.047443,0.037937,0.028431,0.018925,0.009419
2025-12-25,5918.57,0.02754,0.047443,0.037937,0.028431,0.018925,0.009419
2025-12-26,5938.29,0.027456,0.047443,0.037937,0.028431,0.018925,0.009419
2025-12-29,5921.12,0.027275,0.047443,0.037937,0.028431,0.018925,0.009419
2025-12-30,5928.96,0.027233,0.047443,0.037937,0.028431,0.018925,0.009419
2025-12-31,5919.12,0.027334,0.047443,0.037937,0.028431,0.018925,0.009419
2026-01-05,6035.98,0.026527,0.047443,0.037937,0.028431,0.018925,0.009419
2026-01-06,6131.69,0.025582,0.047443,0.037937,0.028431,0.018925,0.009419
2026-01-07,6142.57,0.025401,0.047443,0.037937,0.028431,0.018925,0.009419
2026-01-08,6145.54,0.025521,0.047443,0.037937,0.028431,0.018925,0.009419
2026-01-09,6217.68,0.025191,0.047443,0.037937,0.028431,0.018925,0.009419
2026-01-12,6325.64,0.024836,0.047443,0.037937,0.028431,0.018925,0.009419
2026-01-13,6251.44,0.02528,0.047443,0.037937,0.028431,0.018925,0.009419
2026-01-14,6270.41,0.02528,0.047443,0.037937,0.028431,0.018925,0.009419
2026-01-15,6259.82,0.025415,0.047443,0.037937,0.028431,0.018925,0.009419
2026-01-16,6246.92,0.025632,0.047443,0.037937,0.028431,0.018925,0.009419
2026-01-19,6272.45,0.025496,0.047443,0.037937,0.028431,0.018925,0.009419
2026-01-20,6235.57,0.025733,0.047443,0.037937,0.028431,0.018925,0.009419
2026-01-21,6270.26,0.025616,0.047443,0.037937,0.028431,0.018925,0.009419
2026-01-22,6298.06,0.025381,0.047443,0.037937,0.028431,0.018925,0.009419
2026-01-23,6356.82,0.025252,0.047443,0.037937,0.028431,0.018925,0.009419
2026-01-26,6314.82,0.025467,0.047443,0.037937,0.028431,0.018925,0.009419
2026-01-27,6323.78,0.025328,0.047443,0.037937,0.028431,0.018925,0.009419
2026-01-28,6331.49,0.025315,0.047443,0.037937,0.028431,0.018925,0.009419
2026-01-29,6319.77,0.025296,0.047443,0.037937,0.028431,0.018925,0.009419
2026-01-30,6259.18,0.025799,0.047443,0.037937,0.028431,0.018925,0.009419
2026-02-02,6088.28,0.026828,0.047443,0.037937,0.028431,0.018925,0.009419
2026-02-03,6217.13,0.026147,0.047443,0.037937,0.028431,0.018925,0.009419
2026-02-04,6245.44,0.025834,0.047443,0.037937,0.028431,0.018925,0.009419
2026-02-05,6176.13,0.026206,0.047443,0.037937,0.028431,0.018925,0.009419
2026-02-06,6161.61,0.026347,0.047443,0.037937,0.028431,0.018925,0.009419
2026-02-09,6279.14,0.025683,0.047443,0.037937,0.028431,0.018925,0.009419
2026-02-10,6283.26,0.025625,0.047443,0.037937,0.028431,0.018925,0.009419
2026-02-11,6272.72,0.025726,0.047443,0.037937,0.028431,0.018925,0.009419
2026-02-12,6299.9,0.02575,0.047443,0.037937,0.028431,0.018925,0.009419
2026-02-13,6227.54,0.026273,0.047443,0.037937,0.028431,0.018925,0.009419
2026-02-24,6295.28,0.025707,0.047443,0.037937,0.028431,0.018925,0.009419
2026-02-25,6360.54,0.025182,0.047443,0.037937,0.028431,0.018925,0.009419
2026-02-26,6373.71,0.025063,0.047443,0.037937,0.028431,0.018925,0.009419
2026-02-27,6398.46,0.025334,0.047443,0.037937,0.028431,0.018925,0.009419
2026-03-02,6375.69,0.02536,0.047443,0.037937,0.028431,0.018925,0.009419
2026-03-03,6188.09,0.02612,0.047443,0.037937,0.028431,0.018925,0.009419
2026-03-04,6143.19,0.026491,0.047443,0.037937,0.028431,0.018925,0.009419
2026-03-05,6208.81,0.026159,0.047443,0.037937,0.028431,0.018925,0.009419
2026-03-06,6252.38,0.025947,0.047443,0.037937,0.028431,0.018925,0.009419
